scenario_id,species,age_months,weight_kg,food_type,variant,target_kcal,actual_kcal,kcal_delta_pct,is_kcal_valid,protein_target_min,protein_target_max,protein_actual,is_protein_valid,fat_target_min,fat_target_max,fat_actual,is_fat_valid,fiber_target_min,fiber_target_max,fiber_actual,is_fiber_valid,is_bju_valid,components_count,supplements_count,has_dry,has_wet,has_treats,validation_warnings_count,has_critical_errors,overall_status
0,dog,2,1.2,dry,basic,160.5,144.8,-9.8,True,20.0,40.0,35.0,True,10.0,25.0,21.8,True,1.0,10.0,1.5,True,True,1,0,True,False,True,0,False,OK
1,dog,4,1.1,dry,advanced,150.4,138.9,-7.6,True,20.0,40.0,26.0,True,10.0,25.0,16.5,True,1.0,10.0,6.4,True,True,1,2,True,False,True,0,False,OK
2,dog,2,0.9,wet,basic,129.4,139.6,7.9,True,20.0,40.0,36.3,True,10.0,25.0,14.8,True,1.0,10.0,2.1,True,True,1,0,False,True,True,0,False,OK
3,dog,4,1.1,wet,advanced,150.4,162.9,8.3,True,20.0,40.0,25.7,True,10.0,25.0,20.4,True,1.0,10.0,3.3,True,True,1,2,False,True,True,0,False,OK
4,dog,4,1.0,multi,basic,140.0,129.7,-7.3,True,20.0,40.0,22.0,True,10.0,25.0,22.8,True,1.0,10.0,7.6,True,True,2,0,True,True,True,0,False,OK
5,dog,2,1.2,multi,advanced,160.5,157.8,-1.7,True,20.0,40.0,32.3,True,10.0,25.0,17.7,True,1.0,10.0,6.8,True,True,2,2,True,True,True,0,False,OK
6,dog,3,1.0,dry,basic,140.0,144.6,3.3,True,20.0,40.0,23.7,True,10.0,25.0,13.6,True,1.0,10.0,9.3,True,True,1,0,True,False,True,0,False,OK
7,dog,3,1.0,dry,advanced,140.0,150.4,7.5,True,20.0,40.0,20.1,True,10.0,25.0,17.3,True,1.0,10.0,8.7,True,True,1,2,True,False,True,0,False,OK
8,dog,4,1.2,wet,basic,160.5,147.0,-8.4,True,20.0,40.0,32.7,True,10.0,25.0,10.1,True,1.0,10.0,6.9,True,True,1,0,False,True,True,0,False,OK
9,dog,3,0.9,wet,advanced,129.4,129.5,0.1,True,20.0,40.0,32.9,True,10.0,25.0,11.8,True,1.0,10.0,4.5,True,True,1,2,False,True,True,0,False,OK
10,dog,4,1.2,multi,basic,160.5,161.2,0.4,True,20.0,40.0,21.0,True,10.0,25.0,12.8,True,1.0,10.0,7.3,True,True,2,0,True,True,True,0,False,OK
11,dog,3,1.1,multi,advanced,150.4,138.1,-8.2,True,20.0,40.0,31.3,True,10.0,25.0,24.0,True,1.0,10.0,5.9,True,True,2,2,True,True,True,0,False,OK
12,dog,3,1.2,dry,basic,176.6,177.1,0.3,True,20.0,40.0,29.9,True,10.0,25.0,10.1,True,1.0,10.0,6.0,True,True,1,0,True,False,True,0,False,OK
13,dog,3,1.0,dry,advanced,154.0,163.5,6.1,True,20.0,40.0,36.8,True,10.0,25.0,16.3,True,1.0,10.0,9.9,True,True,1,2,True,False,True,0,False,OK
14,dog,4,1.1,wet,basic,150.4,157.8,4.9,True,20.0,40.0,33.0,True,10.0,25.0,9.8,True,1.0,10.0,4.7,True,True,1,0,False,True,True,0,False,OK
15,dog,4,1.0,wet,advanced,140.0,127.8,-8.7,True,20.0,40.0,43.8,True,10.0,25.0,26.3,True,1.0,10.0,1.6,True,True,1,2,False,True,True,0,False,OK
16,dog,4,1.0,multi,basic,140.0,152.1,8.7,True,20.0,40.0,18.8,True,10.0,25.0,16.6,True,1.0,10.0,9.4,True,True,2,0,True,True,True,0,False,OK
17,dog,2,1.0,multi,advanced,154.0,162.2,5.3,True,20.0,40.0,43.4,True,10.0,25.0,20.9,True,1.0,10.0,5.5,True,True,2,2,True,True,True,0,False,OK
18,dog,3,1.0,dry,basic,154.0,169.2,9.9,True,20.0,40.0,27.9,True,10.0,25.0,25.1,True,1.0,10.0,11.0,True,True,1,0,True,False,True,0,False,OK
19,dog,4,1.1,dry,advanced,150.4,146.7,-2.5,True,20.0,40.0,35.8,True,10.0,25.0,21.2,True,1.0,10.0,6.8,True,True,1,2,True,False,True,0,False,OK
20,dog,4,1.0,wet,basic,140.0,144.3,3.1,True,20.0,40.0,27.0,True,10.0,25.0,12.3,True,1.0,10.0,6.8,True,True,1,0,False,True,True,0,False,OK
21,dog,4,1.0,wet,advanced,140.0,140.8,0.6,True,20.0,40.0,36.9,True,10.0,25.0,13.1,True,1.0,10.0,0.8,False,True,1,2,False,True,True,0,False,OK
22,dog,4,1.1,multi,basic,150.4,136.0,-9.5,True,20.0,40.0,25.8,True,10.0,25.0,21.5,True,1.0,10.0,6.9,True,True,2,0,True,True,True,0,False,OK
23,dog,4,1.2,multi,advanced,160.5,161.5,0.6,True,20.0,40.0,39.4,True,10.0,25.0,13.6,True,1.0,10.0,4.7,True,True,2,2,True,True,True,0,False,OK
24,dog,2,1.2,dry,basic,160.5,153.3,-4.5,True,20.0,40.0,42.4,True,10.0,25.0,22.4,True,1.0,10.0,2.1,True,True,1,0,True,False,True,0,False,OK
25,dog,2,1.1,dry,advanced,150.4,159.7,6.2,True,20.0,40.0,28.9,True,10.0,25.0,23.2,True,1.0,10.0,10.7,True,True,1,2,True,False,True,0,False,OK
26,dog,3,1.1,wet,basic,150.4,135.8,-9.7,True,20.0,40.0,23.4,True,10.0,25.0,10.9,True,1.0,10.0,1.2,True,True,1,0,False,True,True,0,False,OK
27,dog,4,0.9,wet,advanced,129.4,131.9,2.0,True,20.0,40.0,36.3,True,10.0,25.0,9.9,True,1.0,10.0,9.1,True,True,1,2,False,True,True,0,False,OK
28,dog,4,1.2,multi,basic,160.5,157.4,-2.0,True,20.0,40.0,24.1,True,10.0,25.0,13.0,True,1.0,10.0,10.5,True,True,2,0,True,True,True,0,False,OK
29,dog,2,1.0,multi,advanced,140.0,127.6,-8.9,True,20.0,40.0,31.1,True,10.0,25.0,14.4,True,1.0,10.0,9.9,True,True,2,2,True,True,True,0,False,OK
30,dog,4,1.0,dry,basic,140.0,146.5,4.6,True,20.0,40.0,26.3,True,10.0,25.0,20.1,True,1.0,10.0,8.3,True,True,1,0,True,False,True,0,False,OK
31,dog,4,1.0,dry,advanced,140.0,135.0,-3.6,True,20.0,40.0,25.8,True,10.0,25.0,11.7,True,1.0,10.0,8.2,True,True,1,2,True,False,True,0,False,OK
32,dog,2,1.1,wet,basic,150.4,142.0,-5.6,True,20.0,40.0,25.8,True,10.0,25.0,10.1,True,1.0,10.0,11.4,True,True,1,0,False,True,True,0,False,OK
33,dog,4,1.2,wet,advanced,160.5,172.7,7.6,True,20.0,40.0,41.7,True,10.0,25.0,20.6,True,1.0,10.0,5.6,True,True,1,2,False,True,True,0,False,OK
34,dog,2,1.1,multi,basic,150.4,150.3,-0.1,True,20.0,40.0,43.3,True,10.0,25.0,26.4,True,1.0,10.0,8.3,True,True,2,0,True,True,True,0,False,OK
35,dog,3,1.2,multi,advanced,160.5,169.7,5.7,True,20.0,40.0,26.3,True,10.0,25.0,16.7,True,1.0,10.0,2.5,True,True,2,2,True,True,True,0,False,OK
36,dog,2,1.2,dry,basic,176.6,172.2,-2.5,True,20.0,40.0,37.6,True,10.0,25.0,17.8,True,1.0,10.0,10.3,True,True,1,0,True,False,True,0,False,OK
37,dog,4,1.0,dry,advanced,140.0,134.4,-4.0,True,20.0,40.0,36.4,True,10.0,25.0,23.9,True,1.0,10.0,11.0,True,True,1,2,True,False,True,0,False,OK
38,dog,4,1.0,wet,basic,140.0,141.7,1.2,True,20.0,40.0,43.2,True,10.0,25.0,19.3,True,1.0,10.0,2.3,True,True,1,0,False,True,True,0,False,OK
39,dog,4,1.1,wet,advanced,150.4,142.7,-5.1,True,20.0,40.0,23.3,True,10.0,25.0,21.0,True,1.0,10.0,11.1,True,True,1,2,False,True,True,0,False,OK
40,dog,4,1.1,multi,basic,150.4,160.8,6.9,True,20.0,40.0,20.4,True,10.0,25.0,22.4,True,1.0,10.0,2.9,True,True,2,0,True,True,True,0,False,OK
41,dog,2,1.1,multi,advanced,165.4,157.7,-4.6,True,20.0,40.0,35.5,True,10.0,25.0,20.2,True,1.0,10.0,10.6,True,True,2,2,True,True,True,0,False,OK
42,dog,4,0.9,dry,basic,129.4,121.3,-6.2,True,20.0,40.0,37.8,True,10.0,25.0,22.4,True,1.0,10.0,7.1,True,True,1,0,True,False,True,0,False,OK
43,dog,4,0.9,dry,advanced,129.4,128.9,-0.4,True,20.0,40.0,40.6,True,10.0,25.0,15.2,True,1.0,10.0,11.5,False,True,1,2,True,False,True,0,False,OK
44,dog,3,0.9,wet,basic,142.3,128.5,-9.7,True,20.0,40.0,42.4,True,10.0,25.0,26.8,True,1.0,10.0,2.1,True,True,1,0,False,True,True,0,False,OK
45,dog,2,1.1,wet,advanced,165.4,181.9,10.0,True,20.0,40.0,30.5,True,10.0,25.0,13.5,True,1.0,10.0,7.6,True,True,1,2,False,True,True,0,False,OK
46,dog,4,1.2,multi,basic,160.5,151.0,-5.9,True,20.0,40.0,41.8,True,10.0,25.0,19.2,True,1.0,10.0,9.5,True,True,2,0,True,True,True,0,False,OK
47,dog,2,1.2,multi,advanced,176.6,172.4,-2.4,True,20.0,40.0,31.9,True,10.0,25.0,15.6,True,1.0,10.0,3.7,True,True,2,2,True,True,True,0,False,OK
48,dog,3,1.0,dry,basic,154.0,154.4,0.3,True,20.0,40.0,30.9,True,10.0,25.0,10.8,True,1.0,10.0,11.8,False,True,1,0,True,False,True,0,False,OK
49,dog,4,1.1,dry,advanced,150.4,149.5,-0.6,True,20.0,40.0,39.8,True,10.0,25.0,25.9,True,1.0,10.0,5.0,True,True,1,2,True,False,True,0,False,OK
50,dog,2,1.0,wet,basic,154.0,151.3,-1.7,True,20.0,40.0,32.6,True,10.0,25.0,13.1,True,1.0,10.0,2.4,True,True,1,0,False,True,True,0,False,OK
51,dog,3,1.1,wet,advanced,165.4,157.5,-4.8,True,20.0,40.0,42.3,True,10.0,25.0,19.7,True,1.0,10.0,5.5,True,True,1,2,False,True,True,0,False,OK
52,dog,2,1.2,multi,basic,176.6,164.3,-7.0,True,20.0,40.0,26.6,True,10.0,25.0,16.0,True,1.0,10.0,10.1,True,True,2,0,True,True,True,0,False,OK
53,dog,2,1.1,multi,advanced,165.4,165.4,-0.0,True,20.0,40.0,35.0,True,10.0,25.0,21.7,True,1.0,10.0,3.7,True,True,2,2,True,True,True,0,False,OK
54,dog,2,0.9,dry,basic,142.3,151.5,6.4,True,20.0,40.0,43.1,True,10.0,25.0,20.9,True,1.0,10.0,6.3,True,True,1,0,True,False,True,0,False,OK
55,dog,3,1.0,dry,advanced,154.0,143.8,-6.6,True,20.0,40.0,38.7,True,10.0,25.0,12.1,True,1.0,10.0,8.9,True,True,1,2,True,False,True,0,False,OK
56,dog,2,1.2,wet,basic,176.6,176.2,-0.2,True,20.0,40.0,41.8,True,10.0,25.0,19.0,True,1.0,10.0,8.0,True,True,1,0,False,True,True,0,False,OK
57,dog,3,1.0,wet,advanced,154.0,140.4,-8.8,True,20.0,40.0,18.9,True,10.0,25.0,24.7,True,1.0,10.0,11.4,True,True,1,2,False,True,True,0,False,OK
58,dog,4,1.2,multi,basic,160.5,165.9,3.4,True,20.0,40.0,37.9,True,10.0,25.0,16.6,True,1.0,10.0,10.2,True,True,2,0,True,True,True,0,False,OK
59,dog,2,1.0,multi,advanced,154.0,145.7,-5.4,True,20.0,40.0,36.4,True,10.0,25.0,9.2,True,1.0,10.0,6.5,True,True,2,2,True,True,True,0,False,OK
60,dog,4,1.1,dry,basic,150.4,146.6,-2.5,True,20.0,40.0,34.1,True,10.0,25.0,21.3,True,1.0,10.0,7.7,True,True,1,0,True,False,True,0,False,OK
61,dog,4,1.1,dry,advanced,150.4,149.9,-0.3,True,20.0,40.0,30.7,True,10.0,25.0,9.1,True,1.0,10.0,7.0,True,True,1,2,True,False,True,0,False,OK
62,dog,2,0.9,wet,basic,129.4,116.8,-9.8,True,20.0,40.0,31.8,True,10.0,25.0,14.1,True,1.0,10.0,11.7,False,True,1,0,False,True,True,0,False,OK
63,dog,3,1.2,wet,advanced,160.5,145.0,-9.7,True,20.0,40.0,39.1,True,10.0,25.0,21.5,True,1.0,10.0,9.8,True,True,1,2,False,True,True,0,False,OK
64,dog,4,1.0,multi,basic,140.0,151.5,8.2,True,20.0,40.0,20.8,True,10.0,25.0,10.8,True,1.0,10.0,2.5,True,True,2,0,True,True,True,0,False,OK
65,dog,4,1.1,multi,advanced,150.4,141.1,-6.2,True,20.0,40.0,31.7,True,10.0,25.0,24.1,True,1.0,10.0,3.8,True,True,2,2,True,True,True,0,False,OK
66,dog,4,1.0,dry,basic,140.0,137.1,-2.1,True,20.0,40.0,27.7,True,10.0,25.0,16.5,True,1.0,10.0,7.1,True,True,1,0,True,False,True,0,False,OK
67,dog,4,1.0,dry,advanced,140.0,153.7,9.8,True,20.0,40.0,23.9,True,10.0,25.0,21.7,True,1.0,10.0,10.3,True,True,1,2,True,False,True,0,False,OK
68,dog,2,1.2,wet,basic,160.5,165.4,3.1,True,20.0,40.0,40.3,True,10.0,25.0,23.1,True,1.0,10.0,1.8,True,True,1,0,False,True,True,0,False,OK
69,dog,2,1.1,wet,advanced,150.4,146.8,-2.4,True,20.0,40.0,32.4,True,10.0,25.0,10.0,True,1.0,10.0,0.9,True,True,1,2,False,True,True,0,False,OK
70,dog,3,1.0,multi,basic,140.0,130.8,-6.6,True,20.0,40.0,31.0,True,10.0,25.0,17.0,True,1.0,10.0,9.6,True,True,2,0,True,True,True,0,False,OK
71,dog,2,1.0,multi,advanced,140.0,141.8,1.3,True,20.0,40.0,40.3,True,10.0,25.0,10.8,True,1.0,10.0,6.7,True,True,2,2,True,True,True,0,False,OK
72,dog,4,0.9,dry,basic,129.4,117.6,-9.1,True,20.0,40.0,23.5,True,10.0,25.0,25.1,True,1.0,10.0,10.7,True,True,1,0,True,False,True,0,False,OK
73,dog,2,1.2,dry,advanced,240.8,239.6,-0.5,True,20.0,40.0,19.2,True,10.0,25.0,10.4,True,1.0,10.0,11.2,True,True,1,2,True,False,True,0,False,OK
74,dog,2,1.2,wet,basic,240.8,260.0,8.0,True,20.0,40.0,32.7,True,10.0,25.0,9.6,True,1.0,10.0,11.2,True,True,1,0,False,True,True,0,False,OK
75,dog,2,1.2,wet,advanced,240.8,231.9,-3.7,True,20.0,40.0,43.0,True,10.0,25.0,19.9,True,1.0,10.0,9.2,True,True,1,2,False,True,True,0,False,OK
76,dog,3,1.1,multi,basic,225.6,235.2,4.3,True,20.0,40.0,28.4,True,10.0,25.0,10.4,True,1.0,10.0,2.6,True,True,2,0,True,True,True,0,False,OK
77,dog,3,1.0,multi,advanced,210.0,199.1,-5.2,True,20.0,40.0,39.7,True,10.0,25.0,16.2,True,1.0,10.0,10.8,True,True,2,2,True,True,True,0,False,OK
78,dog,2,1.0,dry,basic,210.0,202.9,-3.4,True,20.0,40.0,37.6,True,10.0,25.0,11.6,True,1.0,10.0,11.9,False,True,1,0,True,False,True,0,False,OK
79,dog,4,1.2,dry,advanced,160.5,167.7,4.5,True,20.0,40.0,31.0,True,10.0,25.0,27.0,True,1.0,10.0,1.4,True,True,1,2,True,False,True,0,False,OK
80,dog,4,1.0,wet,basic,140.0,138.2,-1.3,True,20.0,40.0,39.8,True,10.0,25.0,15.3,True,1.0,10.0,9.4,True,True,1,0,False,True,True,0,False,OK
81,dog,4,1.2,wet,advanced,160.5,175.1,9.1,True,20.0,40.0,28.3,True,10.0,25.0,23.3,True,1.0,10.0,1.1,True,True,1,2,False,True,True,0,False,OK
82,dog,3,0.9,multi,basic,194.0,185.2,-4.5,True,20.0,40.0,43.8,True,10.0,25.0,18.1,True,1.0,10.0,4.8,True,True,2,0,True,True,True,0,False,OK
83,dog,3,1.2,multi,advanced,240.8,262.0,8.8,True,20.0,40.0,29.2,True,10.0,25.0,21.6,True,1.0,10.0,8.2,True,True,2,2,True,True,True,0,False,OK
84,dog,4,1.0,dry,basic,140.0,128.4,-8.3,True,20.0,40.0,34.1,True,10.0,25.0,23.8,True,1.0,10.0,8.8,True,True,1,0,True,False,True,0,False,OK
85,dog,2,1.1,dry,advanced,165.4,151.6,-8.4,True,20.0,40.0,22.0,True,10.0,25.0,22.2,True,1.0,10.0,7.9,True,True,1,2,True,False,True,0,False,OK
86,dog,2,1.0,wet,basic,154.0,161.4,4.8,True,20.0,40.0,26.2,True,10.0,25.0,11.0,True,1.0,10.0,0.9,True,True,1,0,False,True,True,0,False,OK
87,dog,3,1.2,wet,advanced,176.6,169.8,-3.8,True,20.0,40.0,27.4,True,10.0,25.0,14.0,True,1.0,10.0,2.3,True,True,1,2,False,True,True,0,False,OK
88,dog,4,1.1,multi,basic,150.4,141.0,-6.3,True,20.0,40.0,29.7,True,10.0,25.0,19.3,True,1.0,10.0,5.4,True,True,2,0,True,True,True,0,False,OK
89,dog,2,1.2,multi,advanced,176.6,159.9,-9.5,True,20.0,40.0,27.2,True,10.0,25.0,10.7,True,1.0,10.0,7.5,True,True,2,2,True,True,True,0,False,OK
90,dog,2,1.1,dry,basic,165.4,159.6,-3.5,True,20.0,40.0,28.0,True,10.0,25.0,14.4,True,1.0,10.0,5.1,True,True,1,0,True,False,True,0,False,OK
91,dog,2,1.0,dry,advanced,154.0,141.2,-8.3,True,20.0,40.0,41.4,True,10.0,25.0,25.7,True,1.0,10.0,11.8,False,True,1,2,True,False,True,0,False,OK
92,dog,3,1.1,wet,basic,165.4,167.8,1.4,True,20.0,40.0,22.4,True,10.0,25.0,16.0,True,1.0,10.0,2.4,True,True,1,0,False,True,True,0,False,OK
93,dog,4,1.0,wet,advanced,140.0,134.4,-4.0,True,20.0,40.0,30.8,True,10.0,25.0,10.2,True,1.0,10.0,5.7,True,True,1,2,False,True,True,0,False,OK
94,dog,3,1.2,multi,basic,176.6,173.8,-1.6,True,20.0,40.0,30.6,True,10.0,25.0,10.4,True,1.0,10.0,3.6,True,True,2,0,True,True,True,0,False,OK
95,dog,2,1.2,multi,advanced,176.6,167.6,-5.1,True,20.0,40.0,34.3,True,10.0,25.0,20.0,True,1.0,10.0,3.0,True,True,2,2,True,True,True,0,False,OK
96,dog,4,0.9,dry,basic,129.4,119.2,-7.9,True,20.0,40.0,25.9,True,10.0,25.0,26.6,True,1.0,10.0,4.5,True,True,1,0,True,False,True,0,False,OK
97,dog,4,1.0,dry,advanced,140.0,143.4,2.4,True,20.0,40.0,38.9,True,10.0,25.0,15.1,True,1.0,10.0,4.5,True,True,1,2,True,False,True,0,False,OK
98,dog,2,1.2,wet,basic,160.5,170.6,6.3,True,20.0,40.0,40.3,True,10.0,25.0,27.0,True,1.0,10.0,2.3,True,True,1,0,False,True,True,0,False,OK
99,dog,4,0.9,wet,advanced,129.4,124.8,-3.6,True,20.0,40.0,42.6,True,10.0,25.0,12.7,True,1.0,10.0,4.3,True,True,1,2,False,True,True,0,False,OK
100,dog,2,1.2,multi,basic,160.5,175.4,9.3,True,20.0,40.0,43.2,True,10.0,25.0,14.4,True,1.0,10.0,8.6,True,True,2,0,True,True,True,0,False,OK
101,dog,3,1.1,multi,advanced,150.4,150.1,-0.2,True,20.0,40.0,33.0,True,10.0,25.0,13.5,True,1.0,10.0,5.0,True,True,2,2,True,True,True,0,False,OK
102,dog,3,1.0,dry,basic,140.0,148.9,6.3,True,20.0,40.0,28.2,True,10.0,25.0,11.1,True,1.0,10.0,7.1,True,True,1,0,True,False,True,0,False,OK
103,dog,4,1.0,dry,advanced,140.0,142.6,1.8,True,20.0,40.0,32.2,True,10.0,25.0,21.6,True,1.0,10.0,7.0,True,True,1,2,True,False,True,0,False,OK
104,dog,3,1.1,wet,basic,150.4,164.0,9.1,True,20.0,40.0,30.0,True,10.0,25.0,22.1,True,1.0,10.0,5.7,True,True,1,0,False,True,True,0,False,OK
105,dog,3,1.1,wet,advanced,150.4,144.1,-4.2,True,20.0,40.0,36.0,True,10.0,25.0,24.2,True,1.0,10.0,9.7,True,True,1,2,False,True,True,0,False,OK
106,dog,2,1.0,multi,basic,140.0,137.5,-1.8,True,20.0,40.0,31.0,True,10.0,25.0,20.7,True,1.0,10.0,3.5,True,True,2,0,True,True,True,0,False,OK
107,dog,3,1.1,multi,advanced,150.4,155.2,3.2,True,20.0,40.0,36.6,True,10.0,25.0,23.6,True,1.0,10.0,1.6,True,True,2,2,True,True,True,0,False,OK
108,dog,3,1.1,dry,basic,165.4,181.6,9.8,True,20.0,40.0,30.5,True,10.0,25.0,16.4,True,1.0,10.0,6.5,True,True,1,0,True,False,True,0,False,OK
109,dog,2,1.0,dry,advanced,154.0,166.9,8.4,True,20.0,40.0,36.0,True,10.0,25.0,19.1,True,1.0,10.0,9.7,True,True,1,2,True,False,True,0,False,OK
110,dog,2,1.0,wet,basic,154.0,149.7,-2.8,True,20.0,40.0,41.3,True,10.0,25.0,18.9,True,1.0,10.0,7.9,True,True,1,0,False,True,True,0,False,OK
111,dog,2,1.1,wet,advanced,165.4,151.7,-8.3,True,20.0,40.0,38.0,True,10.0,25.0,21.2,True,1.0,10.0,4.8,True,True,1,2,False,True,True,0,False,OK
112,dog,4,1.1,multi,basic,150.4,154.8,2.9,True,20.0,40.0,19.2,True,10.0,25.0,27.2,True,1.0,10.0,8.4,True,True,2,0,True,True,True,0,False,OK
113,dog,4,1.0,multi,advanced,140.0,137.2,-2.0,True,20.0,40.0,37.6,True,10.0,25.0,26.9,True,1.0,10.0,5.6,True,True,2,2,True,True,True,0,False,OK
114,dog,2,1.2,dry,basic,176.6,159.3,-9.8,True,20.0,40.0,24.7,True,10.0,25.0,18.4,True,1.0,10.0,6.6,True,True,1,0,True,False,True,0,False,OK
115,dog,4,1.2,dry,advanced,160.5,163.1,1.6,True,20.0,40.0,33.0,True,10.0,25.0,17.2,True,1.0,10.0,5.2,True,True,1,2,True,False,True,0,False,OK
116,dog,2,1.0,wet,basic,154.0,162.4,5.4,True,20.0,40.0,33.3,True,10.0,25.0,18.3,True,1.0,10.0,4.7,True,True,1,0,False,True,True,0,False,OK
117,dog,4,1.1,wet,advanced,150.4,136.1,-9.5,True,20.0,40.0,20.7,True,10.0,25.0,16.7,True,1.0,10.0,11.6,False,True,1,2,False,True,True,0,False,OK
118,dog,4,1.2,multi,basic,160.5,148.2,-7.7,True,20.0,40.0,42.5,True,10.0,25.0,11.6,True,1.0,10.0,4.3,True,True,2,0,True,True,True,0,False,OK
119,dog,4,1.1,multi,advanced,150.4,149.1,-0.9,True,20.0,40.0,23.4,True,10.0,25.0,17.9,True,1.0,10.0,6.1,True,True,2,2,True,True,True,0,False,OK
120,dog,3,1.2,dry,basic,240.8,237.8,-1.2,True,20.0,40.0,36.1,True,10.0,25.0,14.9,True,1.0,10.0,4.2,True,True,1,0,True,False,True,0,False,OK
121,dog,4,1.1,dry,advanced,150.4,159.7,6.2,True,20.0,40.0,21.0,True,10.0,25.0,24.7,True,1.0,10.0,8.1,True,True,1,2,True,False,True,0,False,OK
122,dog,4,1.1,wet,basic,150.4,155.7,3.5,True,20.0,40.0,22.3,True,10.0,25.0,27.2,True,1.0,10.0,3.5,True,True,1,0,False,True,True,0,False,OK
123,dog,4,1.0,wet,advanced,140.0,130.9,-6.5,True,20.0,40.0,22.2,True,10.0,25.0,19.4,True,1.0,10.0,11.5,False,True,1,2,False,True,True,0,False,OK
124,dog,2,1.0,multi,basic,210.0,198.7,-5.4,True,20.0,40.0,28.5,True,10.0,25.0,12.4,True,1.0,10.0,8.0,True,True,2,0,True,True,True,0,False,OK
125,dog,4,1.1,multi,advanced,150.4,148.4,-1.4,True,20.0,40.0,18.8,True,10.0,25.0,20.4,True,1.0,10.0,3.0,True,True,2,2,True,True,True,0,False,OK
126,dog,3,1.2,dry,basic,240.8,245.2,1.8,True,20.0,40.0,28.1,True,10.0,25.0,22.0,True,1.0,10.0,3.1,True,True,1,0,True,False,True,0,False,OK
127,dog,4,1.1,dry,advanced,150.4,158.0,5.0,True,20.0,40.0,39.0,True,10.0,25.0,10.2,True,1.0,10.0,1.9,True,True,1,2,True,False,True,0,False,OK
128,dog,3,1.0,wet,basic,210.0,225.6,7.4,True,20.0,40.0,22.9,True,10.0,25.0,15.0,True,1.0,10.0,5.9,True,True,1,0,False,True,True,0,False,OK
129,dog,4,1.1,wet,advanced,150.4,143.3,-4.8,True,20.0,40.0,40.4,True,10.0,25.0,18.8,True,1.0,10.0,8.0,True,True,1,2,False,True,True,0,False,OK
130,dog,3,1.2,multi,basic,240.8,245.5,1.9,True,20.0,40.0,33.9,True,10.0,25.0,19.9,True,1.0,10.0,4.7,True,True,2,0,True,True,True,0,False,OK
131,dog,3,0.9,multi,advanced,194.0,207.4,6.9,True,20.0,40.0,34.1,True,10.0,25.0,24.1,True,1.0,10.0,8.7,True,True,2,2,True,True,True,0,False,OK
132,dog,3,1.2,dry,basic,240.8,231.0,-4.1,True,20.0,40.0,34.0,True,10.0,25.0,10.6,True,1.0,10.0,2.3,True,True,1,0,True,False,True,0,False,OK
133,dog,3,1.1,dry,advanced,225.6,208.4,-7.6,True,20.0,40.0,25.9,True,10.0,25.0,12.4,True,1.0,10.0,8.6,True,True,1,2,True,False,True,0,False,OK
134,dog,3,0.9,wet,basic,194.0,194.4,0.2,True,20.0,40.0,28.9,True,10.0,25.0,11.6,True,1.0,10.0,5.1,True,True,1,0,False,True,True,0,False,OK
135,dog,3,0.9,wet,advanced,194.0,181.8,-6.3,True,20.0,40.0,34.5,True,10.0,25.0,21.8,True,1.0,10.0,8.0,True,True,1,2,False,True,True,0,False,OK
136,dog,3,1.0,multi,basic,210.0,231.0,10.0,True,20.0,40.0,32.4,True,10.0,25.0,18.1,True,1.0,10.0,2.4,True,True,2,0,True,True,True,0,False,OK
137,dog,2,1.1,multi,advanced,225.6,217.2,-3.7,True,20.0,40.0,29.7,True,10.0,25.0,10.0,True,1.0,10.0,4.8,True,True,2,2,True,True,True,0,False,OK
138,dog,3,0.9,dry,basic,194.0,175.0,-9.8,True,20.0,40.0,21.5,True,10.0,25.0,24.1,True,1.0,10.0,11.6,False,True,1,0,True,False,True,0,False,OK
139,dog,2,1.2,dry,advanced,240.8,241.1,0.1,True,20.0,40.0,30.9,True,10.0,25.0,21.7,True,1.0,10.0,5.5,True,True,1,2,True,False,True,0,False,OK
140,dog,2,1.0,wet,basic,210.0,224.3,6.8,True,20.0,40.0,30.7,True,10.0,25.0,10.5,True,1.0,10.0,1.1,True,True,1,0,False,True,True,0,False,OK
141,dog,2,1.1,wet,advanced,225.6,237.4,5.2,True,20.0,40.0,25.6,True,10.0,25.0,14.1,True,1.0,10.0,6.8,True,True,1,2,False,True,True,0,False,OK
142,dog,3,1.1,multi,basic,225.6,210.6,-6.6,True,20.0,40.0,29.9,True,10.0,25.0,22.7,True,1.0,10.0,9.4,True,True,2,0,True,True,True,0,False,OK
143,dog,2,1.2,multi,advanced,240.8,243.2,1.0,True,20.0,40.0,20.9,True,10.0,25.0,11.1,True,1.0,10.0,9.5,True,True,2,2,True,True,True,0,False,OK
144,dog,3,2.2,dry,basic,379.3,403.8,6.5,True,20.0,40.0,27.5,True,10.0,25.0,24.2,True,1.0,10.0,1.3,True,True,1,0,True,False,True,0,False,OK
145,dog,4,2.5,dry,advanced,278.3,290.5,4.4,True,20.0,40.0,32.2,True,10.0,25.0,27.3,True,1.0,10.0,1.9,True,True,1,2,True,False,True,0,False,OK
146,dog,2,2.9,wet,basic,466.7,497.5,6.6,True,20.0,40.0,37.5,True,10.0,25.0,14.5,True,1.0,10.0,12.0,False,True,1,0,False,True,True,0,False,OK
147,dog,4,2.9,wet,advanced,311.1,308.0,-1.0,True,20.0,40.0,27.1,True,10.0,25.0,24.1,True,1.0,10.0,5.7,True,True,1,2,False,True,True,0,False,OK
148,dog,2,2.7,multi,basic,442.3,486.0,9.9,True,20.0,40.0,38.2,True,10.0,25.0,13.4,True,1.0,10.0,9.9,True,True,2,0,True,True,True,0,False,OK
149,dog,4,2.5,multi,advanced,278.3,283.2,1.8,True,20.0,40.0,27.1,True,10.0,25.0,22.1,True,1.0,10.0,7.9,True,True,2,2,True,True,True,0,False,OK
150,dog,3,2.5,dry,basic,417.5,389.6,-6.7,True,20.0,40.0,21.6,True,10.0,25.0,12.8,True,1.0,10.0,3.1,True,True,1,0,True,False,True,0,False,OK
151,dog,3,2.7,dry,advanced,442.3,403.3,-8.8,True,20.0,40.0,27.1,True,10.0,25.0,14.2,True,1.0,10.0,6.8,True,True,1,2,True,False,True,0,False,OK
152,dog,4,2.8,wet,basic,303.0,292.3,-3.5,True,20.0,40.0,36.3,True,10.0,25.0,14.4,True,1.0,10.0,3.8,True,True,1,0,False,True,True,0,False,OK
153,dog,3,2.6,wet,advanced,430.0,460.8,7.2,True,20.0,40.0,43.6,True,10.0,25.0,21.6,True,1.0,10.0,1.9,True,True,1,2,False,True,True,0,False,OK
154,dog,3,2.7,multi,basic,442.3,483.2,9.3,True,20.0,40.0,38.4,True,10.0,25.0,26.0,True,1.0,10.0,11.9,False,True,2,0,True,True,True,0,False,OK
155,dog,3,2.3,multi,advanced,392.2,421.0,7.3,True,20.0,40.0,21.3,True,10.0,25.0,25.0,True,1.0,10.0,3.6,True,True,2,2,True,True,True,0,False,OK
156,dog,3,2.7,dry,basic,324.4,338.1,4.2,True,20.0,40.0,39.5,True,10.0,25.0,23.1,True,1.0,10.0,8.4,True,True,1,0,True,False,True,0,False,OK
157,dog,3,2.5,dry,advanced,306.2,305.6,-0.2,True,20.0,40.0,33.0,True,10.0,25.0,14.0,True,1.0,10.0,5.4,True,True,1,2,True,False,True,0,False,OK
158,dog,4,2.5,wet,basic,278.3,275.6,-1.0,True,20.0,40.0,34.5,True,10.0,25.0,25.3,True,1.0,10.0,1.8,True,True,1,0,False,True,True,0,False,OK
159,dog,2,2.2,wet,advanced,278.2,279.1,0.3,True,20.0,40.0,25.2,True,10.0,25.0,26.3,True,1.0,10.0,4.9,True,True,1,2,False,True,True,0,False,OK
160,dog,2,2.6,multi,basic,315.3,343.7,9.0,True,20.0,40.0,26.5,True,10.0,25.0,9.0,True,1.0,10.0,9.5,True,True,2,0,True,True,True,0,False,OK
161,dog,2,2.6,multi,advanced,315.3,330.0,4.7,True,20.0,40.0,37.0,True,10.0,25.0,17.5,True,1.0,10.0,8.2,True,True,2,2,True,True,True,0,False,OK
162,dog,3,2.7,dry,basic,324.4,315.2,-2.8,True,20.0,40.0,19.6,True,10.0,25.0,18.9,True,1.0,10.0,3.2,True,True,1,0,True,False,True,0,False,OK
163,dog,3,2.6,dry,advanced,315.3,310.9,-1.4,True,20.0,40.0,23.5,True,10.0,25.0,14.0,True,1.0,10.0,10.1,True,True,1,2,True,False,True,0,False,OK
164,dog,4,2.5,wet,basic,278.3,269.3,-3.2,True,20.0,40.0,33.0,True,10.0,25.0,19.5,True,1.0,10.0,6.2,True,True,1,0,False,True,True,0,False,OK
165,dog,4,2.4,wet,advanced,270.0,261.6,-3.1,True,20.0,40.0,35.7,True,10.0,25.0,9.9,True,1.0,10.0,1.9,True,True,1,2,False,True,True,0,False,OK
166,dog,4,2.6,multi,basic,286.7,303.0,5.7,True,20.0,40.0,29.9,True,10.0,25.0,11.3,True,1.0,10.0,10.4,True,True,2,0,True,True,True,0,False,OK
167,dog,4,2.6,multi,advanced,286.7,283.3,-1.2,True,20.0,40.0,18.0,True,10.0,25.0,26.7,True,1.0,10.0,3.1,True,True,2,2,True,True,True,0,False,OK
168,dog,2,2.7,dry,basic,324.4,336.6,3.8,True,20.0,40.0,21.4,True,10.0,25.0,21.0,True,1.0,10.0,2.6,True,True,1,0,True,False,True,0,False,OK
169,dog,3,2.5,dry,advanced,306.2,332.7,8.7,True,20.0,40.0,25.1,True,10.0,25.0,21.1,True,1.0,10.0,3.6,True,True,1,2,True,False,True,0,False,OK
170,dog,2,2.4,wet,basic,296.9,289.3,-2.6,True,20.0,40.0,41.5,True,10.0,25.0,12.1,True,1.0,10.0,5.2,True,True,1,0,False,True,True,0,False,OK
171,dog,3,2.3,wet,advanced,287.6,276.4,-3.9,True,20.0,40.0,36.2,True,10.0,25.0,13.3,True,1.0,10.0,8.1,True,True,1,2,False,True,True,0,False,OK
172,dog,3,2.4,multi,basic,296.9,309.0,4.1,True,20.0,40.0,18.0,True,10.0,25.0,17.8,True,1.0,10.0,2.3,True,True,2,0,True,True,True,0,False,OK
173,dog,3,2.3,multi,advanced,287.6,271.9,-5.5,True,20.0,40.0,35.7,True,10.0,25.0,9.2,True,1.0,10.0,8.6,True,True,2,2,True,True,True,0,False,OK
174,dog,4,2.6,dry,basic,286.7,304.9,6.3,True,20.0,40.0,43.7,True,10.0,25.0,16.8,True,1.0,10.0,2.3,True,True,1,0,True,False,True,0,False,OK
175,dog,4,2.3,dry,advanced,261.5,239.1,-8.6,True,20.0,40.0,28.0,True,10.0,25.0,22.5,True,1.0,10.0,1.9,True,True,1,2,True,False,True,0,False,OK
176,dog,4,2.4,wet,basic,270.0,259.9,-3.7,True,20.0,40.0,40.9,True,10.0,25.0,11.5,True,1.0,10.0,9.5,True,True,1,0,False,True,True,0,False,OK
177,dog,2,2.8,wet,advanced,333.3,350.2,5.1,True,20.0,40.0,21.5,True,10.0,25.0,27.4,True,1.0,10.0,2.4,True,True,1,2,False,True,True,0,False,OK
178,dog,3,2.9,multi,basic,342.2,344.3,0.6,True,20.0,40.0,18.2,True,10.0,25.0,21.0,True,1.0,10.0,5.7,True,True,2,0,True,True,True,0,False,OK
179,dog,4,2.4,multi,advanced,270.0,282.0,4.4,True,20.0,40.0,34.3,True,10.0,25.0,11.8,True,1.0,10.0,5.4,True,True,2,2,True,True,True,0,False,OK
180,dog,2,2.4,dry,basic,296.9,308.0,3.7,True,20.0,40.0,40.4,True,10.0,25.0,10.6,True,1.0,10.0,1.9,True,True,1,0,True,False,True,0,False,OK
181,dog,2,2.3,dry,advanced,287.6,302.1,5.0,True,20.0,40.0,33.3,True,10.0,25.0,16.1,True,1.0,10.0,11.6,False,True,1,2,True,False,True,0,False,OK
182,dog,2,2.6,wet,basic,315.3,303.6,-3.7,True,20.0,40.0,21.6,True,10.0,25.0,14.1,True,1.0,10.0,1.7,True,True,1,0,False,True,True,0,False,OK
183,dog,3,2.8,wet,advanced,333.3,336.9,1.1,True,20.0,40.0,33.6,True,10.0,25.0,20.2,True,1.0,10.0,9.5,True,True,1,2,False,True,True,0,False,OK
184,dog,4,2.4,multi,basic,270.0,280.3,3.8,True,20.0,40.0,40.0,True,10.0,25.0,21.2,True,1.0,10.0,4.2,True,True,2,0,True,True,True,0,False,OK
185,dog,2,2.4,multi,advanced,296.9,298.0,0.4,True,20.0,40.0,31.2,True,10.0,25.0,22.8,True,1.0,10.0,4.1,True,True,2,2,True,True,True,0,False,OK
186,dog,2,2.9,dry,basic,342.2,311.7,-8.9,True,20.0,40.0,41.3,True,10.0,25.0,26.7,True,1.0,10.0,6.3,True,True,1,0,True,False,True,0,False,OK
187,dog,4,2.4,dry,advanced,270.0,249.1,-7.7,True,20.0,40.0,31.0,True,10.0,25.0,20.0,True,1.0,10.0,6.7,True,True,1,2,True,False,True,0,False,OK
188,dog,3,2.6,wet,basic,315.3,345.4,9.6,True,20.0,40.0,43.7,True,10.0,25.0,26.3,True,1.0,10.0,2.3,True,True,1,0,False,True,True,0,False,OK
189,dog,4,2.9,wet,advanced,311.1,333.5,7.2,True,20.0,40.0,32.8,True,10.0,25.0,15.8,True,1.0,10.0,8.4,True,True,1,2,False,True,True,0,False,OK
190,dog,3,2.7,multi,basic,324.4,341.4,5.3,True,20.0,40.0,42.8,True,10.0,25.0,23.3,True,1.0,10.0,1.0,True,True,2,0,True,True,True,0,False,OK
191,dog,2,2.2,multi,advanced,278.2,254.1,-8.6,True,20.0,40.0,24.8,True,10.0,25.0,9.7,True,1.0,10.0,1.5,True,True,2,2,True,True,True,0,False,OK
192,dog,2,2.7,dry,basic,442.3,467.9,5.8,True,20.0,40.0,31.2,True,10.0,25.0,20.6,True,1.0,10.0,6.4,True,True,1,0,True,False,True,0,False,OK
193,dog,2,2.4,dry,advanced,404.9,398.1,-1.7,True,20.0,40.0,36.2,True,10.0,25.0,10.5,True,1.0,10.0,6.8,True,True,1,2,True,False,True,0,False,OK
194,dog,3,2.6,wet,basic,430.0,440.0,2.3,True,20.0,40.0,25.2,True,10.0,25.0,14.7,True,1.0,10.0,6.5,True,True,1,0,False,True,True,0,False,OK
195,dog,4,2.7,wet,advanced,294.9,277.4,-5.9,True,20.0,40.0,39.0,True,10.0,25.0,18.9,True,1.0,10.0,5.2,True,True,1,2,False,True,True,0,False,OK
196,dog,3,2.6,multi,basic,430.0,441.5,2.7,True,20.0,40.0,39.7,True,10.0,25.0,21.6,True,1.0,10.0,1.5,True,True,2,0,True,True,True,0,False,OK
197,dog,3,2.9,multi,advanced,466.7,485.2,4.0,True,20.0,40.0,37.0,True,10.0,25.0,24.7,True,1.0,10.0,1.4,True,True,2,2,True,True,True,0,False,OK
198,dog,3,2.7,dry,basic,442.3,405.7,-8.3,True,20.0,40.0,29.3,True,10.0,25.0,17.4,True,1.0,10.0,7.6,True,True,1,0,True,False,True,0,False,OK
199,dog,3,2.6,dry,advanced,430.0,413.6,-3.8,True,20.0,40.0,37.3,True,10.0,25.0,22.7,True,1.0,10.0,2.1,True,True,1,2,True,False,True,0,False,OK
200,dog,4,2.8,wet,basic,303.0,315.6,4.2,True,20.0,40.0,36.2,True,10.0,25.0,12.0,True,1.0,10.0,11.5,True,True,1,0,False,True,True,0,False,OK
201,dog,3,2.9,wet,advanced,466.7,468.8,0.5,True,20.0,40.0,38.4,True,10.0,25.0,22.3,True,1.0,10.0,2.7,True,True,1,2,False,True,True,0,False,OK
202,dog,3,2.5,multi,basic,417.5,386.3,-7.5,True,20.0,40.0,38.3,True,10.0,25.0,14.0,True,1.0,10.0,10.7,True,True,2,0,True,True,True,0,False,OK
203,dog,4,2.4,multi,advanced,270.0,284.7,5.4,True,20.0,40.0,18.8,True,10.0,25.0,23.9,True,1.0,10.0,3.8,True,True,2,2,True,True,True,0,False,OK
204,dog,3,2.9,dry,basic,311.1,284.0,-8.7,True,20.0,40.0,36.5,True,10.0,25.0,19.7,True,1.0,10.0,1.7,True,True,1,0,True,False,True,0,False,OK
205,dog,2,2.7,dry,advanced,294.9,292.3,-0.9,True,20.0,40.0,27.4,True,10.0,25.0,18.2,True,1.0,10.0,7.1,True,True,1,2,True,False,True,0,False,OK
206,dog,3,2.2,wet,basic,252.9,246.2,-2.6,True,20.0,40.0,24.6,True,10.0,25.0,10.9,True,1.0,10.0,7.2,True,True,1,0,False,True,True,0,False,OK
207,dog,3,2.9,wet,advanced,311.1,325.0,4.5,True,20.0,40.0,23.9,True,10.0,25.0,18.4,True,1.0,10.0,1.3,True,True,1,2,False,True,True,0,False,OK
208,dog,4,2.3,multi,basic,261.5,280.5,7.3,True,20.0,40.0,24.4,True,10.0,25.0,17.7,True,1.0,10.0,5.1,True,True,2,0,True,True,True,0,False,OK
209,dog,3,2.5,multi,advanced,278.3,258.8,-7.0,True,20.0,40.0,42.2,True,10.0,25.0,24.9,True,1.0,10.0,7.0,True,True,2,2,True,True,True,0,False,OK
210,dog,3,2.6,dry,basic,286.7,310.4,8.3,True,20.0,40.0,37.3,True,10.0,25.0,16.8,True,1.0,10.0,4.4,True,True,1,0,True,False,True,0,False,OK
211,dog,2,2.8,dry,advanced,303.0,297.9,-1.7,True,20.0,40.0,36.7,True,10.0,25.0,14.0,True,1.0,10.0,1.7,True,True,1,2,True,False,True,0,False,OK
212,dog,3,2.8,wet,basic,303.0,295.3,-2.5,True,20.0,40.0,31.1,True,10.0,25.0,25.7,True,1.0,10.0,2.8,True,True,1,0,False,True,True,0,False,OK
213,dog,2,2.4,wet,advanced,270.0,286.4,6.1,True,20.0,40.0,43.5,True,10.0,25.0,26.7,True,1.0,10.0,1.6,True,True,1,2,False,True,True,0,False,OK
214,dog,4,2.7,multi,basic,294.9,292.8,-0.7,True,20.0,40.0,25.3,True,10.0,25.0,24.6,True,1.0,10.0,4.5,True,True,2,0,True,True,True,0,False,OK
215,dog,3,2.6,multi,advanced,286.7,289.7,1.1,True,20.0,40.0,18.2,True,10.0,25.0,12.7,True,1.0,10.0,7.1,True,True,2,2,True,True,True,0,False,OK
216,dog,4,2.9,dry,basic,311.1,298.9,-3.9,True,20.0,40.0,34.2,True,10.0,25.0,17.6,True,1.0,10.0,7.4,True,True,1,0,True,False,True,0,False,OK
217,dog,3,2.9,dry,advanced,466.7,466.1,-0.1,True,20.0,40.0,38.1,True,10.0,25.0,12.6,True,1.0,10.0,10.9,True,True,1,2,True,False,True,0,False,OK
218,dog,3,2.8,wet,basic,454.6,478.3,5.2,True,20.0,40.0,24.4,True,10.0,25.0,9.1,True,1.0,10.0,5.4,True,True,1,0,False,True,True,0,False,OK
219,dog,2,2.9,wet,advanced,466.7,441.8,-5.3,True,20.0,40.0,27.0,True,10.0,25.0,24.5,True,1.0,10.0,10.6,True,True,1,2,False,True,True,0,False,OK
220,dog,4,2.6,multi,basic,286.7,312.6,9.0,True,20.0,40.0,18.0,True,10.0,25.0,21.2,True,1.0,10.0,10.3,True,True,2,0,True,True,True,0,False,OK
221,dog,2,2.9,multi,advanced,466.7,487.9,4.5,True,20.0,40.0,20.7,True,10.0,25.0,18.8,True,1.0,10.0,3.5,True,True,2,2,True,True,True,0,False,OK
222,dog,3,2.8,dry,basic,454.6,453.9,-0.2,True,20.0,40.0,19.6,True,10.0,25.0,27.4,True,1.0,10.0,8.8,True,True,1,0,True,False,True,0,False,OK
223,dog,3,2.3,dry,advanced,392.2,360.3,-8.1,True,20.0,40.0,42.0,True,10.0,25.0,25.6,True,1.0,10.0,6.6,True,True,1,2,True,False,True,0,False,OK
224,dog,3,2.7,wet,basic,442.3,460.1,4.0,True,20.0,40.0,27.7,True,10.0,25.0,27.0,True,1.0,10.0,1.8,True,True,1,0,False,True,True,0,False,OK
225,dog,3,2.5,wet,advanced,417.5,383.7,-8.1,True,20.0,40.0,21.5,True,10.0,25.0,24.2,True,1.0,10.0,1.6,True,True,1,2,False,True,True,0,False,OK
226,dog,4,2.6,multi,basic,286.7,290.6,1.4,True,20.0,40.0,29.3,True,10.0,25.0,26.8,True,1.0,10.0,3.5,True,True,2,0,True,True,True,0,False,OK
227,dog,3,2.7,multi,advanced,442.3,421.2,-4.8,True,20.0,40.0,26.2,True,10.0,25.0,23.8,True,1.0,10.0,8.6,True,True,2,2,True,True,True,0,False,OK
228,dog,2,2.5,dry,basic,278.3,291.4,4.7,True,20.0,40.0,26.3,True,10.0,25.0,14.0,True,1.0,10.0,1.6,True,True,1,0,True,False,True,0,False,OK
229,dog,2,2.3,dry,advanced,261.5,246.0,-5.9,True,20.0,40.0,38.3,True,10.0,25.0,19.8,True,1.0,10.0,2.5,True,True,1,2,True,False,True,0,False,OK
230,dog,2,2.2,wet,basic,252.9,235.9,-6.7,True,20.0,40.0,30.1,True,10.0,25.0,16.5,True,1.0,10.0,6.8,True,True,1,0,False,True,True,0,False,OK
231,dog,4,2.3,wet,advanced,261.5,285.8,9.3,True,20.0,40.0,23.4,True,10.0,25.0,14.7,True,1.0,10.0,3.8,True,True,1,2,False,True,True,0,False,OK
232,dog,2,2.4,multi,basic,270.0,249.5,-7.6,True,20.0,40.0,22.1,True,10.0,25.0,21.7,True,1.0,10.0,10.1,True,True,2,0,True,True,True,0,False,OK
233,dog,2,2.7,multi,advanced,294.9,306.5,3.9,True,20.0,40.0,19.0,True,10.0,25.0,24.5,True,1.0,10.0,4.5,True,True,2,2,True,True,True,0,False,OK
234,dog,4,2.4,dry,basic,270.0,247.9,-8.2,True,20.0,40.0,24.5,True,10.0,25.0,15.6,True,1.0,10.0,6.6,True,True,1,0,True,False,True,0,False,OK
235,dog,3,2.2,dry,advanced,252.9,261.9,3.5,True,20.0,40.0,24.8,True,10.0,25.0,27.3,True,1.0,10.0,1.1,True,True,1,2,True,False,True,0,False,OK
236,dog,3,2.3,wet,basic,261.5,256.5,-1.9,True,20.0,40.0,29.8,True,10.0,25.0,22.8,True,1.0,10.0,3.6,True,True,1,0,False,True,True,0,False,OK
237,dog,3,2.4,wet,advanced,270.0,268.0,-0.8,True,20.0,40.0,38.9,True,10.0,25.0,11.6,True,1.0,10.0,0.9,True,True,1,2,False,True,True,0,False,OK
238,dog,3,2.4,multi,basic,270.0,287.8,6.6,True,20.0,40.0,43.5,True,10.0,25.0,11.4,True,1.0,10.0,10.0,True,True,2,0,True,True,True,0,False,OK
239,dog,3,2.5,multi,advanced,278.3,271.2,-2.6,True,20.0,40.0,34.4,True,10.0,25.0,20.9,True,1.0,10.0,7.3,True,True,2,2,True,True,True,0,False,OK
240,dog,4,2.4,dry,basic,270.0,257.0,-4.8,True,20.0,40.0,39.1,True,10.0,25.0,9.4,True,1.0,10.0,1.5,True,True,1,0,True,False,True,0,False,OK
241,dog,4,2.9,dry,advanced,311.1,336.1,8.0,True,20.0,40.0,29.5,True,10.0,25.0,11.4,True,1.0,10.0,10.9,True,True,1,2,True,False,True,0,False,OK
242,dog,3,2.8,wet,basic,454.6,484.5,6.6,True,20.0,40.0,26.6,True,10.0,25.0,9.8,True,1.0,10.0,6.0,True,True,1,0,False,True,True,0,False,OK
243,dog,2,2.8,wet,advanced,454.6,424.4,-6.6,True,20.0,40.0,32.9,True,10.0,25.0,24.2,True,1.0,10.0,5.2,True,True,1,2,False,True,True,0,False,OK
244,dog,4,2.7,multi,basic,294.9,267.1,-9.4,True,20.0,40.0,35.8,True,10.0,25.0,12.2,True,1.0,10.0,3.2,True,True,2,0,True,True,True,0,False,OK
245,dog,2,2.3,multi,advanced,392.2,367.7,-6.3,True,20.0,40.0,25.3,True,10.0,25.0,25.3,True,1.0,10.0,1.2,True,True,2,2,True,True,True,0,False,OK
246,dog,3,2.5,dry,basic,417.5,427.5,2.4,True,20.0,40.0,24.4,True,10.0,25.0,14.5,True,1.0,10.0,5.4,True,True,1,0,True,False,True,0,False,OK
247,dog,3,2.3,dry,advanced,392.2,396.2,1.0,True,20.0,40.0,19.6,True,10.0,25.0,14.2,True,1.0,10.0,2.3,True,True,1,2,True,False,True,0,False,OK
248,dog,4,2.4,wet,basic,270.0,253.8,-6.0,True,20.0,40.0,41.0,True,10.0,25.0,18.7,True,1.0,10.0,7.9,True,True,1,0,False,True,True,0,False,OK
249,dog,3,2.6,wet,advanced,430.0,456.0,6.0,True,20.0,40.0,38.7,True,10.0,25.0,27.3,True,1.0,10.0,9.6,True,True,1,2,False,True,True,0,False,OK
250,dog,3,2.9,multi,basic,466.7,453.5,-2.8,True,20.0,40.0,32.2,True,10.0,25.0,18.0,True,1.0,10.0,11.0,True,True,2,0,True,True,True,0,False,OK
251,dog,2,2.9,multi,advanced,466.7,466.9,0.0,True,20.0,40.0,28.1,True,10.0,25.0,12.3,True,1.0,10.0,4.4,True,True,2,2,True,True,True,0,False,OK
252,dog,4,3.0,dry,basic,319.1,301.2,-5.6,True,20.0,40.0,41.3,True,10.0,25.0,23.4,True,1.0,10.0,1.5,True,True,1,0,True,False,True,0,False,OK
253,dog,4,2.2,dry,advanced,252.9,277.8,9.8,True,20.0,40.0,31.8,True,10.0,25.0,23.2,True,1.0,10.0,12.0,False,True,1,2,True,False,True,0,False,OK
254,dog,3,2.8,wet,basic,303.0,331.7,9.5,True,20.0,40.0,20.6,True,10.0,25.0,21.2,True,1.0,10.0,3.8,True,True,1,0,False,True,True,0,False,OK
255,dog,2,2.9,wet,advanced,311.1,330.8,6.3,True,20.0,40.0,41.8,True,10.0,25.0,10.0,True,1.0,10.0,12.0,False,True,1,2,False,True,True,0,False,OK
256,dog,4,2.7,multi,basic,294.9,278.4,-5.6,True,20.0,40.0,40.0,True,10.0,25.0,23.8,True,1.0,10.0,4.8,True,True,2,0,True,True,True,0,False,OK
257,dog,4,2.7,multi,advanced,294.9,314.9,6.8,True,20.0,40.0,40.0,True,10.0,25.0,12.3,True,1.0,10.0,7.4,True,True,2,2,True,True,True,0,False,OK
258,dog,3,2.4,dry,basic,270.0,286.5,6.1,True,20.0,40.0,36.1,True,10.0,25.0,25.9,True,1.0,10.0,1.1,True,True,1,0,True,False,True,0,False,OK
259,dog,3,2.2,dry,advanced,252.9,263.0,4.0,True,20.0,40.0,42.6,True,10.0,25.0,19.4,True,1.0,10.0,7.1,True,True,1,2,True,False,True,0,False,OK
260,dog,3,2.6,wet,basic,286.7,268.8,-6.2,True,20.0,40.0,43.7,True,10.0,25.0,25.3,True,1.0,10.0,6.3,True,True,1,0,False,True,True,0,False,OK
261,dog,4,2.8,wet,advanced,303.0,291.4,-3.8,True,20.0,40.0,30.8,True,10.0,25.0,10.7,True,1.0,10.0,3.4,True,True,1,2,False,True,True,0,False,OK
262,dog,3,2.3,multi,basic,261.5,246.8,-5.6,True,20.0,40.0,31.7,True,10.0,25.0,9.0,True,1.0,10.0,11.1,True,True,2,0,True,True,True,0,False,OK
263,dog,3,2.7,multi,advanced,294.9,277.3,-6.0,True,20.0,40.0,21.4,True,10.0,25.0,22.3,True,1.0,10.0,11.1,True,True,2,2,True,True,True,0,False,OK
264,dog,2,2.6,dry,basic,430.0,459.6,6.9,True,20.0,40.0,26.4,True,10.0,25.0,9.4,True,1.0,10.0,7.4,True,True,1,0,True,False,True,0,False,OK
265,dog,4,2.7,dry,advanced,294.9,319.5,8.3,True,20.0,40.0,38.1,True,10.0,25.0,24.7,True,1.0,10.0,10.4,True,True,1,2,True,False,True,0,False,OK
266,dog,3,2.3,wet,basic,392.2,428.3,9.2,True,20.0,40.0,27.7,True,10.0,25.0,26.4,True,1.0,10.0,5.2,True,True,1,0,False,True,True,0,False,OK
267,dog,3,2.9,wet,advanced,466.7,429.5,-8.0,True,20.0,40.0,25.8,True,10.0,25.0,11.5,True,1.0,10.0,2.6,True,True,1,2,False,True,True,0,False,OK
268,dog,2,2.7,multi,basic,442.3,482.0,9.0,True,20.0,40.0,38.6,True,10.0,25.0,26.8,True,1.0,10.0,8.1,True,True,2,0,True,True,True,0,False,OK
269,dog,4,3.0,multi,advanced,319.1,298.3,-6.5,True,20.0,40.0,43.2,True,10.0,25.0,21.8,True,1.0,10.0,11.2,True,True,2,2,True,True,True,0,False,OK
270,dog,4,2.6,dry,basic,286.7,303.2,5.7,True,20.0,40.0,23.8,True,10.0,25.0,19.9,True,1.0,10.0,2.8,True,True,1,0,True,False,True,0,False,OK
271,dog,2,2.5,dry,advanced,417.5,401.4,-3.9,True,20.0,40.0,35.9,True,10.0,25.0,11.4,True,1.0,10.0,9.0,True,True,1,2,True,False,True,0,False,OK
272,dog,2,2.4,wet,basic,404.9,441.2,9.0,True,20.0,40.0,42.7,True,10.0,25.0,16.2,True,1.0,10.0,11.9,False,True,1,0,False,True,True,0,False,OK
273,dog,2,2.8,wet,advanced,454.6,496.9,9.3,True,20.0,40.0,18.8,True,10.0,25.0,20.1,True,1.0,10.0,11.1,True,True,1,2,False,True,True,0,False,OK
274,dog,2,2.2,multi,basic,379.3,414.8,9.4,True,20.0,40.0,23.7,True,10.0,25.0,19.5,True,1.0,10.0,11.3,True,True,2,0,True,True,True,0,False,OK
275,dog,2,2.4,multi,advanced,404.9,375.8,-7.2,True,20.0,40.0,37.4,True,10.0,25.0,13.4,True,1.0,10.0,11.8,False,True,2,2,True,True,True,0,False,OK
276,dog,3,2.8,dry,basic,454.6,424.4,-6.6,True,20.0,40.0,41.0,True,10.0,25.0,10.6,True,1.0,10.0,8.7,True,True,1,0,True,False,True,0,False,OK
277,dog,3,2.7,dry,advanced,442.3,454.6,2.8,True,20.0,40.0,41.1,True,10.0,25.0,17.3,True,1.0,10.0,3.8,True,True,1,2,True,False,True,0,False,OK
278,dog,4,2.2,wet,basic,252.9,240.2,-5.0,True,20.0,40.0,19.8,True,10.0,25.0,13.7,True,1.0,10.0,2.0,True,True,1,0,False,True,True,0,False,OK
279,dog,2,3.0,wet,advanced,478.7,431.0,-10.0,True,20.0,40.0,28.0,True,10.0,25.0,22.6,True,1.0,10.0,11.7,False,True,1,2,False,True,True,0,False,OK
280,dog,2,2.5,multi,basic,417.5,449.6,7.7,True,20.0,40.0,30.8,True,10.0,25.0,16.0,True,1.0,10.0,6.9,True,True,2,0,True,True,True,0,False,OK
281,dog,2,2.3,multi,advanced,392.2,360.9,-8.0,True,20.0,40.0,30.5,True,10.0,25.0,25.0,True,1.0,10.0,8.1,True,True,2,2,True,True,True,0,False,OK
282,dog,4,2.3,dry,basic,261.5,271.3,3.7,True,20.0,40.0,22.2,True,10.0,25.0,10.4,True,1.0,10.0,10.3,True,True,1,0,True,False,True,0,False,OK
283,dog,4,2.5,dry,advanced,278.3,266.9,-4.1,True,20.0,40.0,26.3,True,10.0,25.0,26.6,True,1.0,10.0,1.6,True,True,1,2,True,False,True,0,False,OK
284,dog,2,2.7,wet,basic,442.3,413.1,-6.6,True,20.0,40.0,27.8,True,10.0,25.0,22.5,True,1.0,10.0,6.9,True,True,1,0,False,True,True,0,False,OK
285,dog,4,2.7,wet,advanced,294.9,318.4,8.0,True,20.0,40.0,20.4,True,10.0,25.0,20.0,True,1.0,10.0,7.7,True,True,1,2,False,True,True,0,False,OK
286,dog,2,2.6,multi,basic,430.0,428.5,-0.3,True,20.0,40.0,18.8,True,10.0,25.0,26.4,True,1.0,10.0,2.6,True,True,2,0,True,True,True,0,False,OK
287,dog,4,2.5,multi,advanced,278.3,300.0,7.8,True,20.0,40.0,22.1,True,10.0,25.0,10.9,True,1.0,10.0,3.1,True,True,2,2,True,True,True,0,False,OK
288,dog,4,7.4,dry,basic,628.1,589.2,-6.2,True,20.0,40.0,36.1,True,10.0,25.0,22.4,True,1.0,10.0,9.0,True,True,1,0,True,False,True,0,False,OK
289,dog,2,7.1,dry,advanced,608.9,580.3,-4.7,True,20.0,40.0,25.3,True,10.0,25.0,13.4,True,1.0,10.0,1.4,True,True,1,2,True,False,True,0,False,OK
290,dog,2,6.3,wet,basic,556.7,564.7,1.4,True,20.0,40.0,39.8,True,10.0,25.0,11.8,True,1.0,10.0,4.8,True,True,1,0,False,True,True,0,False,OK
291,dog,3,6.6,wet,advanced,576.5,568.2,-1.4,True,20.0,40.0,25.7,True,10.0,25.0,21.2,True,1.0,10.0,7.5,True,True,1,2,False,True,True,0,False,OK
292,dog,3,7.2,multi,basic,615.4,578.4,-6.0,True,20.0,40.0,18.7,True,10.0,25.0,12.2,True,1.0,10.0,4.1,True,True,2,0,True,True,True,0,False,OK
293,dog,4,7.4,multi,advanced,628.1,575.6,-8.4,True,20.0,40.0,39.9,True,10.0,25.0,14.7,True,1.0,10.0,5.3,True,True,2,2,True,True,True,0,False,OK
294,dog,2,6.5,dry,basic,569.9,568.7,-0.2,True,20.0,40.0,35.2,True,10.0,25.0,10.7,True,1.0,10.0,6.9,True,True,1,0,True,False,True,0,False,OK
295,dog,4,5.7,dry,advanced,516.5,483.9,-6.3,True,20.0,40.0,41.0,True,10.0,25.0,15.8,True,1.0,10.0,5.8,True,True,1,2,True,False,True,0,False,OK
296,dog,3,6.6,wet,basic,576.5,549.2,-4.7,True,20.0,40.0,30.1,True,10.0,25.0,13.2,True,1.0,10.0,3.8,True,True,1,0,False,True,True,0,False,OK
297,dog,4,7.1,wet,advanced,608.9,555.5,-8.8,True,20.0,40.0,37.6,True,10.0,25.0,21.3,True,1.0,10.0,1.8,True,True,1,2,False,True,True,0,False,OK
298,dog,4,6.7,multi,basic,583.0,564.8,-3.1,True,20.0,40.0,32.1,True,10.0,25.0,27.0,True,1.0,10.0,7.4,True,True,2,0,True,True,True,0,False,OK
299,dog,4,5.9,multi,advanced,530.0,535.7,1.1,True,20.0,40.0,39.9,True,10.0,25.0,24.1,True,1.0,10.0,5.5,True,True,2,2,True,True,True,0,False,OK
300,dog,2,6.2,dry,basic,825.1,831.0,0.7,True,20.0,40.0,40.5,True,10.0,25.0,17.8,True,1.0,10.0,10.7,True,True,1,0,True,False,True,0,False,OK
301,dog,2,6.3,dry,advanced,835.1,831.1,-0.5,True,20.0,40.0,20.1,True,10.0,25.0,25.7,True,1.0,10.0,8.8,True,True,1,2,True,False,True,0,False,OK
302,dog,4,5.7,wet,basic,516.5,516.7,0.0,True,20.0,40.0,41.4,True,10.0,25.0,23.8,True,1.0,10.0,8.4,True,True,1,0,False,True,True,0,False,OK
303,dog,3,6.2,wet,advanced,825.1,844.9,2.4,True,20.0,40.0,21.1,True,10.0,25.0,23.0,True,1.0,10.0,2.7,True,True,1,2,False,True,True,0,False,OK
304,dog,4,7.4,multi,basic,628.1,688.9,9.7,True,20.0,40.0,43.3,True,10.0,25.0,24.0,True,1.0,10.0,2.2,True,True,2,0,True,True,True,0,False,OK
305,dog,4,5.8,multi,advanced,523.2,515.2,-1.5,True,20.0,40.0,43.7,True,10.0,25.0,17.1,True,1.0,10.0,12.0,False,True,2,2,True,True,True,0,False,OK
306,dog,3,6.4,dry,basic,845.0,866.5,2.5,True,20.0,40.0,39.7,True,10.0,25.0,13.8,True,1.0,10.0,11.0,True,True,1,0,True,False,True,0,False,OK
307,dog,4,6.1,dry,advanced,543.4,588.4,8.3,True,20.0,40.0,19.7,True,10.0,25.0,16.2,True,1.0,10.0,5.3,True,True,1,2,True,False,True,0,False,OK
308,dog,4,6.1,wet,basic,543.4,524.5,-3.5,True,20.0,40.0,25.2,True,10.0,25.0,17.5,True,1.0,10.0,10.6,True,True,1,0,False,True,True,0,False,OK
309,dog,2,6.1,wet,advanced,815.1,861.8,5.7,True,20.0,40.0,34.2,True,10.0,25.0,18.7,True,1.0,10.0,5.5,True,True,1,2,False,True,True,0,False,OK
310,dog,3,5.5,multi,basic,754.2,741.3,-1.7,True,20.0,40.0,21.9,True,10.0,25.0,19.9,True,1.0,10.0,9.3,True,True,2,0,True,True,True,0,False,OK
311,dog,3,7.0,multi,advanced,903.7,983.2,8.8,True,20.0,40.0,42.0,True,10.0,25.0,19.4,True,1.0,10.0,1.9,True,True,2,2,True,True,True,0,False,OK
312,dog,2,7.0,dry,basic,602.5,576.7,-4.3,True,20.0,40.0,31.9,True,10.0,25.0,15.4,True,1.0,10.0,5.4,True,True,1,0,True,False,True,0,False,OK
313,dog,4,6.0,dry,advanced,536.7,524.1,-2.3,True,20.0,40.0,30.6,True,10.0,25.0,20.3,True,1.0,10.0,1.2,True,True,1,2,True,False,True,0,False,OK
314,dog,4,5.7,wet,basic,516.5,493.3,-4.5,True,20.0,40.0,21.7,True,10.0,25.0,20.3,True,1.0,10.0,8.6,True,True,1,0,False,True,True,0,False,OK
315,dog,3,7.3,wet,advanced,621.8,564.4,-9.2,True,20.0,40.0,41.1,True,10.0,25.0,15.1,True,1.0,10.0,3.5,True,True,1,2,False,True,True,0,False,OK
316,dog,3,6.9,multi,basic,596.0,625.3,4.9,True,20.0,40.0,41.9,True,10.0,25.0,25.6,True,1.0,10.0,1.0,True,True,2,0,True,True,True,0,False,OK
317,dog,2,7.4,multi,advanced,628.1,668.0,6.3,True,20.0,40.0,25.9,True,10.0,25.0,14.2,True,1.0,10.0,6.3,True,True,2,2,True,True,True,0,False,OK
318,dog,3,7.1,dry,basic,608.9,632.8,3.9,True,20.0,40.0,20.6,True,10.0,25.0,25.1,True,1.0,10.0,2.3,True,True,1,0,True,False,True,0,False,OK
319,dog,4,6.0,dry,advanced,536.7,587.6,9.5,True,20.0,40.0,29.5,True,10.0,25.0,24.3,True,1.0,10.0,3.8,True,True,1,2,True,False,True,0,False,OK
320,dog,4,7.2,wet,basic,615.4,605.2,-1.7,True,20.0,40.0,34.8,True,10.0,25.0,12.5,True,1.0,10.0,3.2,True,True,1,0,False,True,True,0,False,OK
321,dog,4,5.9,wet,advanced,530.0,564.3,6.5,True,20.0,40.0,37.3,True,10.0,25.0,23.1,True,1.0,10.0,10.5,True,True,1,2,False,True,True,0,False,OK
322,dog,3,5.9,multi,basic,530.0,564.0,6.4,True,20.0,40.0,31.4,True,10.0,25.0,11.9,True,1.0,10.0,4.3,True,True,2,0,True,True,True,0,False,OK
323,dog,2,6.8,multi,advanced,589.5,590.3,0.1,True,20.0,40.0,21.5,True,10.0,25.0,24.7,True,1.0,10.0,10.6,True,True,2,2,True,True,True,0,False,OK
324,dog,4,5.8,dry,basic,523.2,473.9,-9.4,True,20.0,40.0,23.0,True,10.0,25.0,24.4,True,1.0,10.0,10.2,True,True,1,0,True,False,True,0,False,OK
325,dog,3,6.7,dry,advanced,874.5,830.7,-5.0,True,20.0,40.0,29.9,True,10.0,25.0,26.0,True,1.0,10.0,8.7,True,True,1,2,True,False,True,0,False,OK
326,dog,4,6.4,wet,basic,563.3,537.8,-4.5,True,20.0,40.0,39.4,True,10.0,25.0,18.3,True,1.0,10.0,7.9,True,True,1,0,False,True,True,0,False,OK
327,dog,4,6.2,wet,advanced,550.1,508.7,-7.5,True,20.0,40.0,18.8,True,10.0,25.0,15.9,True,1.0,10.0,7.5,True,True,1,2,False,True,True,0,False,OK
328,dog,4,6.4,multi,basic,563.3,527.0,-6.4,True,20.0,40.0,40.6,True,10.0,25.0,19.9,True,1.0,10.0,4.7,True,True,2,0,True,True,True,0,False,OK
329,dog,4,5.6,multi,advanced,509.6,475.3,-6.7,True,20.0,40.0,41.3,True,10.0,25.0,22.9,True,1.0,10.0,8.5,True,True,2,2,True,True,True,0,False,OK
330,dog,3,5.6,dry,basic,764.5,731.6,-4.3,True,20.0,40.0,28.1,True,10.0,25.0,12.0,True,1.0,10.0,7.2,True,True,1,0,True,False,True,0,False,OK
331,dog,2,7.2,dry,advanced,923.0,1008.8,9.3,True,20.0,40.0,40.3,True,10.0,25.0,21.0,True,1.0,10.0,8.4,True,True,1,2,True,False,True,0,False,OK
332,dog,4,6.4,wet,basic,563.3,537.3,-4.6,True,20.0,40.0,28.6,True,10.0,25.0,9.4,True,1.0,10.0,9.5,True,True,1,0,False,True,True,0,False,OK
333,dog,4,5.6,wet,advanced,509.6,536.9,5.4,True,20.0,40.0,18.2,True,10.0,25.0,25.9,True,1.0,10.0,8.1,True,True,1,2,False,True,True,0,False,OK
334,dog,2,6.5,multi,basic,854.9,872.2,2.0,True,20.0,40.0,18.2,True,10.0,25.0,13.7,True,1.0,10.0,9.8,True,True,2,0,True,True,True,0,False,OK
335,dog,3,7.1,multi,advanced,913.4,877.9,-3.9,True,20.0,40.0,43.1,True,10.0,25.0,20.9,True,1.0,10.0,5.5,True,True,2,2,True,True,True,0,False,OK
336,dog,2,6.8,dry,basic,589.5,574.9,-2.5,True,20.0,40.0,27.1,True,10.0,25.0,13.7,True,1.0,10.0,6.0,True,True,1,0,True,False,True,0,False,OK
337,dog,4,6.4,dry,advanced,563.3,583.3,3.5,True,20.0,40.0,39.4,True,10.0,25.0,16.3,True,1.0,10.0,1.9,True,True,1,2,True,False,True,0,False,OK
338,dog,3,7.3,wet,basic,621.8,623.2,0.2,True,20.0,40.0,35.2,True,10.0,25.0,24.6,True,1.0,10.0,5.0,True,True,1,0,False,True,True,0,False,OK
339,dog,4,6.7,wet,advanced,583.0,600.2,2.9,True,20.0,40.0,33.8,True,10.0,25.0,14.5,True,1.0,10.0,2.0,True,True,1,2,False,True,True,0,False,OK
340,dog,4,5.7,multi,basic,516.5,471.4,-8.7,True,20.0,40.0,43.7,True,10.0,25.0,20.9,True,1.0,10.0,10.4,True,True,2,0,True,True,True,0,False,OK
341,dog,4,7.2,multi,advanced,615.4,586.0,-4.8,True,20.0,40.0,36.5,True,10.0,25.0,25.5,True,1.0,10.0,4.1,True,True,2,2,True,True,True,0,False,OK
342,dog,2,6.7,dry,basic,583.0,542.2,-7.0,True,20.0,40.0,37.9,True,10.0,25.0,25.6,True,1.0,10.0,9.8,True,True,1,0,True,False,True,0,False,OK
343,dog,4,6.8,dry,advanced,589.5,625.1,6.0,True,20.0,40.0,33.6,True,10.0,25.0,21.2,True,1.0,10.0,8.4,True,True,1,2,True,False,True,0,False,OK
344,dog,3,7.4,wet,basic,628.1,655.9,4.4,True,20.0,40.0,35.0,True,10.0,25.0,27.5,True,1.0,10.0,3.7,True,True,1,0,False,True,True,0,False,OK
345,dog,2,6.2,wet,advanced,550.1,541.1,-1.6,True,20.0,40.0,28.1,True,10.0,25.0,9.7,True,1.0,10.0,8.7,True,True,1,2,False,True,True,0,False,OK
346,dog,4,7.0,multi,basic,602.5,611.2,1.4,True,20.0,40.0,22.9,True,10.0,25.0,22.4,True,1.0,10.0,3.3,True,True,2,0,True,True,True,0,False,OK
347,dog,4,6.8,multi,advanced,589.5,593.6,0.7,True,20.0,40.0,38.4,True,10.0,25.0,25.8,True,1.0,10.0,8.3,True,True,2,2,True,True,True,0,False,OK
348,dog,2,5.9,dry,basic,583.0,583.9,0.1,True,20.0,40.0,40.0,True,10.0,25.0,24.6,True,1.0,10.0,10.6,True,True,1,0,True,False,True,0,False,OK
349,dog,2,5.9,dry,advanced,583.0,545.8,-6.4,True,20.0,40.0,20.5,True,10.0,25.0,11.4,True,1.0,10.0,3.7,True,True,1,2,True,False,True,0,False,OK
350,dog,4,7.1,wet,basic,608.9,646.5,6.2,True,20.0,40.0,37.8,True,10.0,25.0,12.4,True,1.0,10.0,8.4,True,True,1,0,False,True,True,0,False,OK
351,dog,2,7.2,wet,advanced,676.9,654.6,-3.3,True,20.0,40.0,20.3,True,10.0,25.0,15.6,True,1.0,10.0,9.1,True,True,1,2,False,True,True,0,False,OK
352,dog,4,6.7,multi,basic,583.0,560.5,-3.9,True,20.0,40.0,38.5,True,10.0,25.0,15.1,True,1.0,10.0,3.7,True,True,2,0,True,True,True,0,False,OK
353,dog,4,7.1,multi,advanced,608.9,583.8,-4.1,True,20.0,40.0,40.1,True,10.0,25.0,17.7,True,1.0,10.0,10.5,True,True,2,2,True,True,True,0,False,OK
354,dog,3,6.4,dry,basic,619.7,630.1,1.7,True,20.0,40.0,42.6,True,10.0,25.0,10.3,True,1.0,10.0,10.8,True,True,1,0,True,False,True,0,False,OK
355,dog,4,7.4,dry,advanced,628.1,628.2,0.0,True,20.0,40.0,40.6,True,10.0,25.0,16.1,True,1.0,10.0,4.1,True,True,1,2,True,False,True,0,False,OK
356,dog,4,6.4,wet,basic,563.3,513.1,-8.9,True,20.0,40.0,40.2,True,10.0,25.0,11.5,True,1.0,10.0,3.0,True,True,1,0,False,True,True,0,False,OK
357,dog,2,7.1,wet,advanced,669.8,657.6,-1.8,True,20.0,40.0,32.8,True,10.0,25.0,25.8,True,1.0,10.0,5.9,True,True,1,2,False,True,True,0,False,OK
358,dog,3,7.4,multi,basic,690.9,665.5,-3.7,True,20.0,40.0,36.6,True,10.0,25.0,23.4,True,1.0,10.0,6.3,True,True,2,0,True,True,True,0,False,OK
359,dog,3,6.5,multi,advanced,626.9,643.3,2.6,True,20.0,40.0,22.6,True,10.0,25.0,20.7,True,1.0,10.0,0.9,True,True,2,2,True,True,True,0,False,OK
360,dog,2,7.2,dry,basic,615.4,587.5,-4.5,True,20.0,40.0,37.8,True,10.0,25.0,12.1,True,1.0,10.0,9.4,True,True,1,0,True,False,True,0,False,OK
361,dog,2,6.6,dry,advanced,576.5,575.3,-0.2,True,20.0,40.0,37.9,True,10.0,25.0,10.6,True,1.0,10.0,7.7,True,True,1,2,True,False,True,0,False,OK
362,dog,2,5.8,wet,basic,523.2,537.2,2.7,True,20.0,40.0,28.5,True,10.0,25.0,26.9,True,1.0,10.0,5.1,True,True,1,0,False,True,True,0,False,OK
363,dog,2,7.3,wet,advanced,621.8,564.3,-9.2,True,20.0,40.0,23.2,True,10.0,25.0,15.9,True,1.0,10.0,1.0,True,True,1,2,False,True,True,0,False,OK
364,dog,3,7.3,multi,basic,621.8,599.7,-3.6,True,20.0,40.0,39.7,True,10.0,25.0,12.5,True,1.0,10.0,8.4,True,True,2,0,True,True,True,0,False,OK
365,dog,3,6.3,multi,advanced,556.7,570.8,2.5,True,20.0,40.0,24.5,True,10.0,25.0,21.8,True,1.0,10.0,4.7,True,True,2,2,True,True,True,0,False,OK
366,dog,3,7.5,dry,basic,634.5,587.4,-7.4,True,20.0,40.0,28.0,True,10.0,25.0,19.9,True,1.0,10.0,2.7,True,True,1,0,True,False,True,0,False,OK
367,dog,4,5.7,dry,advanced,516.5,550.0,6.5,True,20.0,40.0,25.8,True,10.0,25.0,14.4,True,1.0,10.0,9.0,True,True,1,2,True,False,True,0,False,OK
368,dog,3,5.8,wet,basic,523.2,533.3,1.9,True,20.0,40.0,26.8,True,10.0,25.0,25.4,True,1.0,10.0,11.9,False,True,1,0,False,True,True,0,False,OK
369,dog,4,7.1,wet,advanced,608.9,589.7,-3.1,True,20.0,40.0,41.4,True,10.0,25.0,15.6,True,1.0,10.0,2.9,True,True,1,2,False,True,True,0,False,OK
370,dog,2,7.3,multi,basic,621.8,677.5,9.0,True,20.0,40.0,41.9,True,10.0,25.0,16.5,True,1.0,10.0,3.4,True,True,2,0,True,True,True,0,False,OK
371,dog,4,6.6,multi,advanced,576.5,602.7,4.5,True,20.0,40.0,21.4,True,10.0,25.0,22.6,True,1.0,10.0,7.4,True,True,2,2,True,True,True,0,False,OK
372,dog,2,7.0,dry,basic,662.7,618.8,-6.6,True,20.0,40.0,27.5,True,10.0,25.0,21.0,True,1.0,10.0,1.2,True,True,1,0,True,False,True,0,False,OK
373,dog,4,6.3,dry,advanced,556.7,598.6,7.5,True,20.0,40.0,24.7,True,10.0,25.0,18.9,True,1.0,10.0,1.3,True,True,1,2,True,False,True,0,False,OK
374,dog,4,7.3,wet,basic,621.8,683.3,9.9,True,20.0,40.0,35.2,True,10.0,25.0,21.1,True,1.0,10.0,1.0,True,True,1,0,False,True,True,0,False,OK
375,dog,4,6.6,wet,advanced,576.5,598.4,3.8,True,20.0,40.0,28.8,True,10.0,25.0,16.0,True,1.0,10.0,6.9,True,True,1,2,False,True,True,0,False,OK
376,dog,2,6.7,multi,basic,641.3,638.0,-0.5,True,20.0,40.0,22.0,True,10.0,25.0,21.9,True,1.0,10.0,7.9,True,True,2,0,True,True,True,0,False,OK
377,dog,4,6.8,multi,advanced,589.5,566.1,-4.0,True,20.0,40.0,35.2,True,10.0,25.0,21.3,True,1.0,10.0,3.8,True,True,2,2,True,True,True,0,False,OK
378,dog,4,6.6,dry,basic,576.5,588.7,2.1,True,20.0,40.0,21.6,True,10.0,25.0,24.4,True,1.0,10.0,2.0,True,True,1,0,True,False,True,0,False,OK
379,dog,3,5.6,dry,advanced,560.6,585.1,4.4,True,20.0,40.0,21.1,True,10.0,25.0,11.1,True,1.0,10.0,2.0,True,True,1,2,True,False,True,0,False,OK
380,dog,4,6.3,wet,basic,556.7,523.1,-6.0,True,20.0,40.0,23.2,True,10.0,25.0,13.9,True,1.0,10.0,6.7,True,True,1,0,False,True,True,0,False,OK
381,dog,4,6.2,wet,advanced,550.1,517.3,-6.0,True,20.0,40.0,36.3,True,10.0,25.0,14.5,True,1.0,10.0,1.2,True,True,1,2,False,True,True,0,False,OK
382,dog,3,6.7,multi,basic,641.3,640.8,-0.1,True,20.0,40.0,23.4,True,10.0,25.0,26.3,True,1.0,10.0,4.5,True,True,2,0,True,True,True,0,False,OK
383,dog,4,6.2,multi,advanced,550.1,495.4,-9.9,True,20.0,40.0,35.5,True,10.0,25.0,25.8,True,1.0,10.0,10.2,True,True,2,2,True,True,True,0,False,OK
384,dog,4,6.4,dry,basic,563.3,582.3,3.4,True,20.0,40.0,21.9,True,10.0,25.0,10.7,True,1.0,10.0,6.5,True,True,1,0,True,False,True,0,False,OK
385,dog,4,5.8,dry,advanced,523.2,546.6,4.5,True,20.0,40.0,20.6,True,10.0,25.0,13.7,True,1.0,10.0,3.4,True,True,1,2,True,False,True,0,False,OK
386,dog,2,6.1,wet,basic,815.1,894.8,9.8,True,20.0,40.0,25.7,True,10.0,25.0,17.6,True,1.0,10.0,1.9,True,True,1,0,False,True,True,0,False,OK
387,dog,3,6.1,wet,advanced,815.1,762.1,-6.5,True,20.0,40.0,19.0,True,10.0,25.0,14.4,True,1.0,10.0,9.8,True,True,1,2,False,True,True,0,False,OK
388,dog,3,6.6,multi,basic,864.7,832.3,-3.7,True,20.0,40.0,37.2,True,10.0,25.0,10.8,True,1.0,10.0,9.3,True,True,2,0,True,True,True,0,False,OK
389,dog,2,6.1,multi,advanced,815.1,741.1,-9.1,True,20.0,40.0,40.2,True,10.0,25.0,21.3,True,1.0,10.0,2.7,True,True,2,2,True,True,True,0,False,OK
390,dog,3,5.8,dry,basic,784.9,762.5,-2.8,True,20.0,40.0,29.4,True,10.0,25.0,20.5,True,1.0,10.0,10.6,True,True,1,0,True,False,True,0,False,OK
391,dog,3,6.4,dry,advanced,845.0,776.2,-8.1,True,20.0,40.0,39.2,True,10.0,25.0,12.4,True,1.0,10.0,5.3,True,True,1,2,True,False,True,0,False,OK
392,dog,3,6.9,wet,basic,894.0,976.7,9.2,True,20.0,40.0,25.1,True,10.0,25.0,16.1,True,1.0,10.0,10.3,True,True,1,0,False,True,True,0,False,OK
393,dog,4,7.1,wet,advanced,608.9,645.4,6.0,True,20.0,40.0,34.9,True,10.0,25.0,23.7,True,1.0,10.0,2.1,True,True,1,2,False,True,True,0,False,OK
394,dog,2,7.5,multi,basic,951.7,989.0,3.9,True,20.0,40.0,19.5,True,10.0,25.0,26.4,True,1.0,10.0,2.6,True,True,2,0,True,True,True,0,False,OK
395,dog,4,5.7,multi,advanced,516.5,507.8,-1.7,True,20.0,40.0,33.4,True,10.0,25.0,23.8,True,1.0,10.0,8.4,True,True,2,2,True,True,True,0,False,OK
396,dog,3,6.9,dry,basic,596.0,558.0,-6.4,True,20.0,40.0,27.9,True,10.0,25.0,15.6,True,1.0,10.0,1.1,True,True,1,0,True,False,True,0,False,OK
397,dog,4,7.3,dry,advanced,621.8,644.7,3.7,True,20.0,40.0,39.8,True,10.0,25.0,27.0,True,1.0,10.0,2.3,True,True,1,2,True,False,True,0,False,OK
398,dog,2,7.4,wet,basic,628.1,680.9,8.4,True,20.0,40.0,20.9,True,10.0,25.0,16.6,True,1.0,10.0,1.3,True,True,1,0,False,True,True,0,False,OK
399,dog,4,6.2,wet,advanced,550.1,523.9,-4.8,True,20.0,40.0,26.2,True,10.0,25.0,22.0,True,1.0,10.0,8.4,True,True,1,2,False,True,True,0,False,OK
400,dog,4,5.8,multi,basic,523.2,551.2,5.4,True,20.0,40.0,33.0,True,10.0,25.0,19.5,True,1.0,10.0,11.8,False,True,2,0,True,True,True,0,False,OK
401,dog,2,5.8,multi,advanced,523.2,541.0,3.4,True,20.0,40.0,26.8,True,10.0,25.0,18.7,True,1.0,10.0,8.6,True,True,2,2,True,True,True,0,False,OK
402,dog,4,6.3,dry,basic,556.7,511.6,-8.1,True,20.0,40.0,35.2,True,10.0,25.0,13.6,True,1.0,10.0,4.7,True,True,1,0,True,False,True,0,False,OK
403,dog,3,6.4,dry,advanced,563.3,583.2,3.5,True,20.0,40.0,28.0,True,10.0,25.0,24.5,True,1.0,10.0,7.1,True,True,1,2,True,False,True,0,False,OK
404,dog,4,6.6,wet,basic,576.5,632.7,9.8,True,20.0,40.0,19.4,True,10.0,25.0,20.9,True,1.0,10.0,2.6,True,True,1,0,False,True,True,0,False,OK
405,dog,2,6.1,wet,advanced,543.4,581.3,7.0,True,20.0,40.0,40.1,True,10.0,25.0,25.1,True,1.0,10.0,1.6,True,True,1,2,False,True,True,0,False,OK
406,dog,4,6.5,multi,basic,569.9,568.9,-0.2,True,20.0,40.0,24.3,True,10.0,25.0,26.9,True,1.0,10.0,1.4,True,True,2,0,True,True,True,0,False,OK
407,dog,2,6.9,multi,advanced,596.0,562.9,-5.5,True,20.0,40.0,34.7,True,10.0,25.0,16.5,True,1.0,10.0,3.4,True,True,2,2,True,True,True,0,False,OK
408,dog,3,7.3,dry,basic,932.6,925.0,-0.8,True,20.0,40.0,38.8,True,10.0,25.0,17.3,True,1.0,10.0,10.4,True,True,1,0,True,False,True,0,False,OK
409,dog,2,5.7,dry,advanced,774.7,766.5,-1.1,True,20.0,40.0,21.1,True,10.0,25.0,18.2,True,1.0,10.0,8.1,True,True,1,2,True,False,True,0,False,OK
410,dog,4,5.7,wet,basic,516.5,475.5,-7.9,True,20.0,40.0,28.7,True,10.0,25.0,19.3,True,1.0,10.0,0.8,False,True,1,0,False,True,True,0,False,OK
411,dog,4,6.8,wet,advanced,589.5,541.3,-8.2,True,20.0,40.0,33.7,True,10.0,25.0,20.5,True,1.0,10.0,4.2,True,True,1,2,False,True,True,0,False,OK
412,dog,2,7.3,multi,basic,932.6,934.2,0.2,True,20.0,40.0,23.4,True,10.0,25.0,21.4,True,1.0,10.0,11.4,True,True,2,0,True,True,True,0,False,OK
413,dog,3,6.8,multi,advanced,884.3,860.1,-2.7,True,20.0,40.0,19.4,True,10.0,25.0,13.1,True,1.0,10.0,5.9,True,True,2,2,True,True,True,0,False,OK
414,dog,2,5.9,dry,basic,795.0,804.6,1.2,True,20.0,40.0,34.1,True,10.0,25.0,17.8,True,1.0,10.0,8.2,True,True,1,0,True,False,True,0,False,OK
415,dog,4,6.2,dry,advanced,550.1,573.9,4.3,True,20.0,40.0,21.0,True,10.0,25.0,23.0,True,1.0,10.0,3.3,True,True,1,2,True,False,True,0,False,OK
416,dog,4,6.6,wet,basic,576.5,558.2,-3.2,True,20.0,40.0,39.6,True,10.0,25.0,26.8,True,1.0,10.0,4.1,True,True,1,0,False,True,True,0,False,OK
417,dog,4,6.3,wet,advanced,556.7,559.1,0.4,True,20.0,40.0,36.3,True,10.0,25.0,9.8,True,1.0,10.0,2.6,True,True,1,2,False,True,True,0,False,OK
418,dog,4,7.0,multi,basic,602.5,559.2,-7.2,True,20.0,40.0,36.6,True,10.0,25.0,22.3,True,1.0,10.0,2.0,True,True,2,0,True,True,True,0,False,OK
419,dog,3,6.8,multi,advanced,884.3,903.9,2.2,True,20.0,40.0,22.9,True,10.0,25.0,26.2,True,1.0,10.0,5.2,True,True,2,2,True,True,True,0,False,OK
420,dog,4,5.8,dry,basic,523.2,518.7,-0.9,True,20.0,40.0,38.3,True,10.0,25.0,22.3,True,1.0,10.0,2.0,True,True,1,0,True,False,True,0,False,OK
421,dog,3,7.4,dry,advanced,942.2,926.1,-1.7,True,20.0,40.0,42.1,True,10.0,25.0,24.5,True,1.0,10.0,7.4,True,True,1,2,True,False,True,0,False,OK
422,dog,4,7.1,wet,basic,608.9,642.0,5.4,True,20.0,40.0,29.7,True,10.0,25.0,21.2,True,1.0,10.0,11.5,False,True,1,0,False,True,True,0,False,OK
423,dog,4,6.2,wet,advanced,550.1,509.9,-7.3,True,20.0,40.0,31.0,True,10.0,25.0,18.8,True,1.0,10.0,1.3,True,True,1,2,False,True,True,0,False,OK
424,dog,3,6.5,multi,basic,854.9,929.3,8.7,True,20.0,40.0,39.8,True,10.0,25.0,17.9,True,1.0,10.0,6.5,True,True,2,0,True,True,True,0,False,OK
425,dog,4,6.8,multi,advanced,589.5,639.2,8.4,True,20.0,40.0,22.6,True,10.0,25.0,19.7,True,1.0,10.0,9.0,True,True,2,2,True,True,True,0,False,OK
426,dog,2,6.7,dry,basic,874.5,809.5,-7.4,True,20.0,40.0,28.1,True,10.0,25.0,20.1,True,1.0,10.0,10.7,True,True,1,0,True,False,True,0,False,OK
427,dog,2,7.4,dry,advanced,942.2,943.0,0.1,True,20.0,40.0,28.0,True,10.0,25.0,27.1,True,1.0,10.0,11.1,True,True,1,2,True,False,True,0,False,OK
428,dog,3,7.3,wet,basic,932.6,981.5,5.2,True,20.0,40.0,25.1,True,10.0,25.0,26.8,True,1.0,10.0,11.7,False,True,1,0,False,True,True,0,False,OK
429,dog,2,7.1,wet,advanced,913.4,904.8,-0.9,True,20.0,40.0,21.5,True,10.0,25.0,16.6,True,1.0,10.0,8.6,True,True,1,2,False,True,True,0,False,OK
430,dog,3,7.0,multi,basic,903.7,948.6,5.0,True,20.0,40.0,25.8,True,10.0,25.0,22.0,True,1.0,10.0,10.4,True,True,2,0,True,True,True,0,False,OK
431,dog,4,6.3,multi,advanced,556.7,580.3,4.2,True,20.0,40.0,42.3,True,10.0,25.0,20.7,True,1.0,10.0,3.0,True,True,2,2,True,True,True,0,False,OK
432,dog,4,12.9,dry,basic,953.0,976.7,2.5,True,20.0,40.0,25.6,True,10.0,25.0,15.4,True,1.0,10.0,8.3,True,True,1,0,True,False,True,0,False,OK
433,dog,2,13.7,dry,advanced,1096.6,1202.2,9.6,True,20.0,40.0,34.9,True,10.0,25.0,26.7,True,1.0,10.0,6.4,True,True,1,2,True,False,True,0,False,OK
434,dog,4,11.8,wet,basic,891.3,925.9,3.9,True,20.0,40.0,26.4,True,10.0,25.0,11.1,True,1.0,10.0,4.7,True,True,1,0,False,True,True,0,False,OK
435,dog,3,12.3,wet,advanced,1011.5,1007.5,-0.4,True,20.0,40.0,32.8,True,10.0,25.0,21.3,True,1.0,10.0,5.5,True,True,1,2,False,True,True,0,False,OK
436,dog,4,12.5,multi,basic,930.7,976.8,5.0,True,20.0,40.0,39.9,True,10.0,25.0,14.3,True,1.0,10.0,10.3,True,True,2,0,True,True,True,0,False,OK
437,dog,3,11.5,multi,advanced,961.7,1021.0,6.2,True,20.0,40.0,31.6,True,10.0,25.0,9.5,True,1.0,10.0,2.4,True,True,2,2,True,True,True,0,False,OK
438,dog,3,12.2,dry,basic,1005.3,1039.5,3.4,True,20.0,40.0,23.2,True,10.0,25.0,22.9,True,1.0,10.0,2.6,True,True,1,0,True,False,True,0,False,OK
439,dog,2,14.8,dry,advanced,1162.0,1112.4,-4.3,True,20.0,40.0,24.5,True,10.0,25.0,24.5,True,1.0,10.0,8.5,True,True,1,2,True,False,True,0,False,OK
440,dog,2,13.9,wet,basic,1108.6,1063.2,-4.1,True,20.0,40.0,37.6,True,10.0,25.0,9.6,True,1.0,10.0,9.9,True,True,1,0,False,True,True,0,False,OK
441,dog,3,13.1,wet,advanced,1060.4,976.1,-8.0,True,20.0,40.0,40.6,True,10.0,25.0,22.7,True,1.0,10.0,10.5,True,True,1,2,False,True,True,0,False,OK
442,dog,3,11.4,multi,basic,955.4,1001.7,4.8,True,20.0,40.0,32.6,True,10.0,25.0,13.4,True,1.0,10.0,9.6,True,True,2,0,True,True,True,0,False,OK
443,dog,3,11.9,multi,advanced,986.7,1045.7,6.0,True,20.0,40.0,25.5,True,10.0,25.0,21.3,True,1.0,10.0,11.2,True,True,2,2,True,True,True,0,False,OK
444,dog,4,13.4,dry,basic,980.5,958.4,-2.2,True,20.0,40.0,42.9,True,10.0,25.0,27.1,True,1.0,10.0,4.3,True,True,1,0,True,False,True,0,False,OK
445,dog,2,11.1,dry,advanced,1277.1,1290.4,1.0,True,20.0,40.0,18.3,True,10.0,25.0,13.6,True,1.0,10.0,7.8,True,True,1,2,True,False,True,0,False,OK
446,dog,3,13.9,wet,basic,1511.8,1596.7,5.6,True,20.0,40.0,40.6,True,10.0,25.0,24.4,True,1.0,10.0,11.0,True,True,1,0,False,True,True,0,False,OK
447,dog,2,13.3,wet,advanced,1462.5,1522.4,4.1,True,20.0,40.0,34.8,True,10.0,25.0,23.0,True,1.0,10.0,6.9,True,True,1,2,False,True,True,0,False,OK
448,dog,3,12.6,multi,basic,1404.4,1433.4,2.1,True,20.0,40.0,38.2,True,10.0,25.0,26.8,True,1.0,10.0,4.1,True,True,2,0,True,True,True,0,False,OK
449,dog,4,14.9,multi,advanced,1061.7,993.2,-6.5,True,20.0,40.0,35.7,True,10.0,25.0,12.5,True,1.0,10.0,2.7,True,True,2,2,True,True,True,0,False,OK
450,dog,3,11.4,dry,basic,1302.9,1306.5,0.3,True,20.0,40.0,27.8,True,10.0,25.0,16.9,True,1.0,10.0,7.0,True,True,1,0,True,False,True,0,False,OK
451,dog,2,14.7,dry,advanced,1576.5,1459.9,-7.4,True,20.0,40.0,33.2,True,10.0,25.0,13.7,True,1.0,10.0,4.5,True,True,1,2,True,False,True,0,False,OK
452,dog,2,13.0,wet,basic,1437.7,1498.0,4.2,True,20.0,40.0,22.0,True,10.0,25.0,11.8,True,1.0,10.0,4.4,True,True,1,0,False,True,True,0,False,OK
453,dog,4,14.2,wet,advanced,1024.1,932.1,-9.0,True,20.0,40.0,42.2,True,10.0,25.0,20.4,True,1.0,10.0,8.2,True,True,1,2,False,True,True,0,False,OK
454,dog,3,13.1,multi,basic,1446.0,1443.3,-0.2,True,20.0,40.0,32.9,True,10.0,25.0,15.6,True,1.0,10.0,9.6,True,True,2,0,True,True,True,0,False,OK
455,dog,4,12.6,multi,advanced,936.3,902.2,-3.6,True,20.0,40.0,23.7,True,10.0,25.0,12.4,True,1.0,10.0,1.6,True,True,2,2,True,True,True,0,False,OK
456,dog,4,12.4,dry,basic,925.1,926.1,0.1,True,20.0,40.0,28.8,True,10.0,25.0,18.9,True,1.0,10.0,1.8,True,True,1,0,True,False,True,0,False,OK
457,dog,2,12.2,dry,advanced,913.9,862.9,-5.6,True,20.0,40.0,23.5,True,10.0,25.0,15.1,True,1.0,10.0,4.8,True,True,1,2,True,False,True,0,False,OK
458,dog,4,14.9,wet,basic,1061.7,1001.9,-5.6,True,20.0,40.0,37.6,True,10.0,25.0,18.8,True,1.0,10.0,12.0,False,True,1,0,False,True,True,0,False,OK
459,dog,4,14.5,wet,advanced,1040.3,1107.6,6.5,True,20.0,40.0,43.5,True,10.0,25.0,9.2,True,1.0,10.0,8.3,True,True,1,2,False,True,True,0,False,OK
460,dog,4,14.8,multi,basic,1056.4,1044.9,-1.1,True,20.0,40.0,41.5,True,10.0,25.0,20.4,True,1.0,10.0,7.8,True,True,2,0,True,True,True,0,False,OK
461,dog,2,13.3,multi,advanced,975.0,1064.5,9.2,True,20.0,40.0,35.7,True,10.0,25.0,14.9,True,1.0,10.0,11.1,True,True,2,2,True,True,True,0,False,OK
462,dog,3,14.1,dry,basic,1018.7,1109.4,8.9,True,20.0,40.0,28.0,True,10.0,25.0,19.0,True,1.0,10.0,4.0,True,True,1,0,True,False,True,0,False,OK
463,dog,4,11.2,dry,advanced,857.1,927.6,8.2,True,20.0,40.0,39.4,True,10.0,25.0,15.9,True,1.0,10.0,9.8,True,True,1,2,True,False,True,0,False,OK
464,dog,2,12.3,wet,basic,919.5,909.5,-1.1,True,20.0,40.0,19.1,True,10.0,25.0,25.6,True,1.0,10.0,3.0,True,True,1,0,False,True,True,0,False,OK
465,dog,4,13.0,wet,advanced,958.5,961.2,0.3,True,20.0,40.0,42.7,True,10.0,25.0,12.1,True,1.0,10.0,11.5,False,True,1,2,False,True,True,0,False,OK
466,dog,2,13.9,multi,basic,1007.8,1015.5,0.8,True,20.0,40.0,18.2,True,10.0,25.0,10.2,True,1.0,10.0,8.3,True,True,2,0,True,True,True,0,False,OK
467,dog,4,13.2,multi,advanced,969.5,1022.5,5.5,True,20.0,40.0,40.5,True,10.0,25.0,16.8,True,1.0,10.0,2.0,True,True,2,2,True,True,True,0,False,OK
468,dog,3,12.4,dry,basic,1387.7,1398.2,0.8,True,20.0,40.0,36.3,True,10.0,25.0,27.1,True,1.0,10.0,9.5,True,True,1,0,True,False,True,0,False,OK
469,dog,4,13.7,dry,advanced,996.9,1026.1,2.9,True,20.0,40.0,42.4,True,10.0,25.0,22.8,True,1.0,10.0,2.5,True,True,1,2,True,False,True,0,False,OK
470,dog,3,14.8,wet,basic,1584.6,1571.7,-0.8,True,20.0,40.0,26.6,True,10.0,25.0,10.6,True,1.0,10.0,1.4,True,True,1,0,False,True,True,0,False,OK
471,dog,3,14.8,wet,advanced,1584.6,1677.8,5.9,True,20.0,40.0,32.5,True,10.0,25.0,19.6,True,1.0,10.0,3.3,True,True,1,2,False,True,True,0,False,OK
472,dog,3,13.7,multi,basic,1495.4,1423.2,-4.8,True,20.0,40.0,28.1,True,10.0,25.0,20.7,True,1.0,10.0,5.6,True,True,2,0,True,True,True,0,False,OK
473,dog,4,14.7,multi,advanced,1051.0,949.5,-9.7,True,20.0,40.0,35.5,True,10.0,25.0,18.9,True,1.0,10.0,8.0,True,True,2,2,True,True,True,0,False,OK
474,dog,3,13.7,dry,basic,1495.4,1530.8,2.4,True,20.0,40.0,37.7,True,10.0,25.0,19.8,True,1.0,10.0,8.6,True,True,1,0,True,False,True,0,False,OK
475,dog,2,12.4,dry,advanced,1387.7,1269.1,-8.5,True,20.0,40.0,42.1,True,10.0,25.0,11.0,True,1.0,10.0,9.6,True,True,1,2,True,False,True,0,False,OK
476,dog,3,13.8,wet,basic,1503.6,1443.9,-4.0,True,20.0,40.0,20.2,True,10.0,25.0,23.2,True,1.0,10.0,5.7,True,True,1,0,False,True,True,0,False,OK
477,dog,2,14.0,wet,advanced,1519.9,1488.0,-2.1,True,20.0,40.0,35.2,True,10.0,25.0,17.8,True,1.0,10.0,6.8,True,True,1,2,False,True,True,0,False,OK
478,dog,4,14.7,multi,basic,1051.0,974.6,-7.3,True,20.0,40.0,28.2,True,10.0,25.0,23.8,True,1.0,10.0,6.9,True,True,2,0,True,True,True,0,False,OK
479,dog,2,13.9,multi,advanced,1511.8,1650.9,9.2,True,20.0,40.0,21.7,True,10.0,25.0,21.5,True,1.0,10.0,11.0,True,True,2,2,True,True,True,0,False,OK
480,dog,4,13.1,dry,basic,964.0,1020.9,5.9,True,20.0,40.0,37.0,True,10.0,25.0,15.9,True,1.0,10.0,11.4,True,True,1,0,True,False,True,0,False,OK
481,dog,3,12.3,dry,advanced,1379.3,1394.1,1.1,True,20.0,40.0,32.4,True,10.0,25.0,11.3,True,1.0,10.0,0.9,True,True,1,2,True,False,True,0,False,OK
482,dog,4,11.1,wet,basic,851.4,867.9,1.9,True,20.0,40.0,32.0,True,10.0,25.0,26.5,True,1.0,10.0,4.2,True,True,1,0,False,True,True,0,False,OK
483,dog,3,13.6,wet,advanced,1487.2,1561.1,5.0,True,20.0,40.0,41.5,True,10.0,25.0,15.4,True,1.0,10.0,5.4,True,True,1,2,False,True,True,0,False,OK
484,dog,3,14.8,multi,basic,1584.6,1630.8,2.9,True,20.0,40.0,31.3,True,10.0,25.0,12.0,True,1.0,10.0,3.3,True,True,2,0,True,True,True,0,False,OK
485,dog,4,14.0,multi,advanced,1013.3,1081.1,6.7,True,20.0,40.0,23.1,True,10.0,25.0,12.4,True,1.0,10.0,9.8,True,True,2,2,True,True,True,0,False,OK
486,dog,2,13.9,dry,basic,1511.8,1618.3,7.0,True,20.0,40.0,40.1,True,10.0,25.0,26.2,True,1.0,10.0,11.9,False,True,1,0,True,False,True,0,False,OK
487,dog,2,14.5,dry,advanced,1560.4,1548.3,-0.8,True,20.0,40.0,32.3,True,10.0,25.0,14.4,True,1.0,10.0,1.6,True,True,1,2,True,False,True,0,False,OK
488,dog,3,14.3,wet,basic,1544.3,1420.2,-8.0,True,20.0,40.0,36.9,True,10.0,25.0,18.0,True,1.0,10.0,4.5,True,True,1,0,False,True,True,0,False,OK
489,dog,3,14.5,wet,advanced,1560.4,1444.4,-7.4,True,20.0,40.0,35.0,True,10.0,25.0,10.9,True,1.0,10.0,7.7,True,True,1,2,False,True,True,0,False,OK
490,dog,2,13.3,multi,basic,1462.5,1579.5,8.0,True,20.0,40.0,26.3,True,10.0,25.0,17.3,True,1.0,10.0,7.7,True,True,2,0,True,True,True,0,False,OK
491,dog,4,12.8,multi,advanced,947.4,910.6,-3.9,True,20.0,40.0,33.2,True,10.0,25.0,19.5,True,1.0,10.0,4.9,True,True,2,2,True,True,True,0,False,OK
492,dog,4,14.7,dry,basic,1051.0,1012.4,-3.7,True,20.0,40.0,29.1,True,10.0,25.0,9.1,True,1.0,10.0,3.6,True,True,1,0,True,False,True,0,False,OK
493,dog,2,11.5,dry,advanced,961.7,908.1,-5.6,True,20.0,40.0,37.2,True,10.0,25.0,17.1,True,1.0,10.0,10.2,True,True,1,2,True,False,True,0,False,OK
494,dog,2,13.9,wet,basic,1108.6,1027.5,-7.3,True,20.0,40.0,37.1,True,10.0,25.0,25.2,True,1.0,10.0,6.0,True,True,1,0,False,True,True,0,False,OK
495,dog,2,13.3,wet,advanced,1072.5,1042.2,-2.8,True,20.0,40.0,25.9,True,10.0,25.0,19.2,True,1.0,10.0,2.8,True,True,1,2,False,True,True,0,False,OK
496,dog,3,14.5,multi,basic,1144.3,1168.7,2.1,True,20.0,40.0,39.9,True,10.0,25.0,24.9,True,1.0,10.0,2.4,True,True,2,0,True,True,True,0,False,OK
497,dog,2,13.7,multi,advanced,1096.6,1105.1,0.8,True,20.0,40.0,24.8,True,10.0,25.0,25.4,True,1.0,10.0,1.7,True,True,2,2,True,True,True,0,False,OK
498,dog,2,14.7,dry,basic,1156.1,1057.9,-8.5,True,20.0,40.0,18.5,True,10.0,25.0,18.4,True,1.0,10.0,1.1,True,True,1,0,True,False,True,0,False,OK
499,dog,3,14.0,dry,advanced,1114.6,1132.9,1.6,True,20.0,40.0,28.5,True,10.0,25.0,19.9,True,1.0,10.0,11.0,True,True,1,2,True,False,True,0,False,OK
