"id","name","description","price","in_stock","created_at","updated_at","animal","barcode","category","category_name","external_id","group_id","images","params","stock_count","subcategory","url","vendor","vendor_code","weight","discount_percent","order_count","allergens","brand_priority","compatibility_group","kcal_per_100g","max_age_months","min_age_months","nutrition_ash","nutrition_fat","nutrition_fiber","nutrition_moisture","nutrition_protein","target_size","nutrition_calcium","nutrition_omega3","nutrition_omega6","nutrition_phosphorus"
"16214","Мнямс лакомство для собак ""Утиная грудка""","Натуральное лакомство из утиной грудки для собак всех пород. Без консервантов.","250.00",True,"2026-01-19 16:01:44.11733+03","2026-01-19 16:01:44.11733+03","dog",NULL,"treats",NULL,"treats_dog_Мнямс_лакомство_для_собак_""Ути",NULL,"[]","{}",36,"natural",NULL,NULL,NULL,"0.100",0,0,"[]",0,"regular","305.0",NULL,3,NULL,NULL,NULL,NULL,NULL,"all",NULL,NULL,NULL,NULL
"16215","TiTBiT Печенье для дрессировки","Мини-печенье для поощрения при дрессировке. Низкокалорийное.","180.00",True,"2026-01-19 16:01:44.136107+03","2026-01-19 16:01:44.136107+03","dog",NULL,"treats",NULL,"treats_dog_TiTBiT_Печенье_для_дрессировки",NULL,"[]","{}",63,"training",NULL,NULL,NULL,"0.150",0,0,"[]",0,"regular","390.0",NULL,2,NULL,NULL,NULL,NULL,NULL,"all",NULL,NULL,NULL,NULL
"16216","Pedigree DentaStix для чистки зубов (средние породы)","Палочки для ежедневного ухода за зубами. Снижает образование зубного камня на 80%.","320.00",True,"2026-01-19 16:01:44.138113+03","2026-01-19 16:01:44.138113+03","dog",NULL,"treats",NULL,"treats_dog_Pedigree_DentaStix_для_чистки_",NULL,"[]","{}",48,"dental",NULL,NULL,NULL,"0.180",0,0,"[]",0,"regular","317.0",NULL,6,NULL,NULL,NULL,NULL,NULL,"medium",NULL,NULL,NULL,NULL
"16217","Деревенские лакомства Куриные ломтики сушёные","100% натуральная курица. Высокое содержание белка.","290.00",True,"2026-01-19 16:01:44.142107+03","2026-01-19 16:01:44.142107+03","dog",NULL,"treats",NULL,"treats_dog_Деревенские_лакомства_Куриные_",NULL,"[]","{}",10,"natural",NULL,NULL,NULL,"0.080",0,0,"[]",0,"regular","378.0",NULL,4,NULL,NULL,NULL,NULL,NULL,"all",NULL,NULL,NULL,NULL
"16218","TiTBiT Бисквит для щенков с ягнёнком","Специально для щенков. Легко усваивается.","150.00",True,"2026-01-19 16:01:44.143628+03","2026-01-19 16:01:44.143628+03","dog",NULL,"treats",NULL,"treats_dog_TiTBiT_Бисквит_для_щенков_с_яг",NULL,"[]","{}",48,"training",NULL,NULL,NULL,"0.100",0,0,"[]",0,"regular","394.0",12,2,NULL,NULL,NULL,NULL,NULL,"all",NULL,NULL,NULL,NULL
"16219","Greenies лакомство для суставов","С глюкозамином и хондроитином. Поддержка суставов для активных собак.","450.00",True,"2026-01-19 16:01:44.144626+03","2026-01-19 16:01:44.144626+03","dog",NULL,"treats",NULL,"treats_dog_Greenies_лакомство_для_суставо",NULL,"[]","{}",71,"functional",NULL,NULL,NULL,"0.170",0,0,"[]",0,"regular","355.0",NULL,12,NULL,NULL,NULL,NULL,NULL,"all",NULL,NULL,NULL,NULL
"16220","Мнямс лакомство для пожилых собак ""Мягкие кусочки""","Мягкая текстура для собак старшего возраста. Легко жевать.","280.00",True,"2026-01-19 16:01:44.146634+03","2026-01-19 16:01:44.146634+03","dog",NULL,"treats",NULL,"treats_dog_Мнямс_лакомство_для_пожилых_со",NULL,"[]","{}",46,"functional",NULL,NULL,NULL,"0.120",0,0,"[]",0,"regular","325.0",NULL,84,NULL,NULL,NULL,NULL,NULL,"all",NULL,NULL,NULL,NULL
"16221","Brit Care лакомство гипоаллергенное с кроликом","Гипоаллергенное лакомство на основе кролика. Без курицы и говядины.","340.00",True,"2026-01-19 16:01:44.147632+03","2026-01-19 16:01:44.147632+03","dog",NULL,"treats",NULL,"treats_dog_Brit_Care_лакомство_гипоаллерг",NULL,"[]","{}",93,"functional",NULL,NULL,NULL,"0.100",0,0,"[]",0,"regular","369.0",NULL,3,NULL,NULL,NULL,NULL,NULL,"all",NULL,NULL,NULL,NULL
"16222","Dreamies с курицей","Хрустящие подушечки с нежной начинкой. Любимое лакомство кошек.","120.00",True,"2026-01-19 16:01:44.148632+03","2026-01-19 16:01:44.148632+03","cat",NULL,"treats",NULL,"treats_cat_Dreamies_с_курицей",NULL,"[]","{}",50,"training",NULL,NULL,NULL,"0.060",0,0,"[]",0,"regular","365.0",NULL,2,NULL,NULL,NULL,NULL,NULL,"all",NULL,NULL,NULL,NULL
"16223","GimCat Мальт-паста","Выводит шерсть из желудка. Для длинношёрстных кошек.","280.00",True,"2026-01-19 16:01:44.149632+03","2026-01-19 16:01:44.149632+03","cat",NULL,"treats",NULL,"treats_cat_GimCat_Мальт-паста",NULL,"[]","{}",38,"functional",NULL,NULL,NULL,"0.050",0,0,"[]",0,"regular","349.0",NULL,6,NULL,NULL,NULL,NULL,NULL,"all",NULL,NULL,NULL,NULL
"17","Cats Best Original наполнитель древесный комкующийся для кошачьих туалетов - 10 л (4,3 кг)","","1375.00",True,"2026-01-07 22:03:57.067687+03","2026-01-07 22:03:57.067687+03","cat",NULL,"care","Наполнители","71004","69493","[""https://kotmatros.ru/wa-data/public/shop/products/93/94/69493/images/134766/134766.970.jpg""]","{""TipTovara"": ""Наполнители"", ""zhivotnoe"": ""Для кошек""}",203,NULL,"https://kotmatros.ru/napolnitel-cats-best-original-drevesnyy-komkuyushchiysya-10-l-4-3-kg/","CATS BEST","65600","4.300",0,0,"[]",0,"regular",NULL,NULL,NULL,NULL,NULL,NULL,NULL,NULL,"all",NULL,NULL,NULL,NULL
"19","Cats Best Original наполнитель древесный комкующийся для кошачьих туалетов - 40 л (17,2 кг)","","4698.00",True,"2026-01-07 22:03:57.067687+03","2026-01-07 22:03:57.067687+03","cat","4002973213094","care","Наполнители","71006","69495","[""https://kotmatros.ru/wa-data/public/shop/products/95/94/69495/images/134768/134768.970.jpg""]","{""TipTovara"": ""Наполнители"", ""zhivotnoe"": ""Для кошек""}",47,NULL,"https://kotmatros.ru/napolnitel-cats-best-original-drevesnyy-komkuyushchiysya-40-l/","CATS BEST","65602","17.200",0,0,"[]",0,"regular",NULL,NULL,NULL,NULL,NULL,NULL,NULL,NULL,"all",NULL,NULL,NULL,NULL
"20","Cats Best Original наполнитель древесный комкующийся для кошачьих туалетов - 5 л (2,1 кг)","","755.00",True,"2026-01-07 22:03:57.067687+03","2026-01-07 22:03:57.067687+03","cat","4002973302347","care","Наполнители","71007","69496","[""https://kotmatros.ru/wa-data/public/shop/products/96/94/69496/images/134769/134769.970.jpg""]","{""TipTovara"": ""Наполнители"", ""zhivotnoe"": ""Для кошек""}",196,NULL,"https://kotmatros.ru/napolnitel-cats-best-original-drevesnyy-komkuyushchiysya-5-l-2-3-kg/","CATS BEST","65599","2.300",0,0,"[]",0,"regular",NULL,NULL,NULL,NULL,NULL,NULL,NULL,NULL,"all",NULL,NULL,NULL,NULL
"21","Cats Best Sensitive наполнитель древесный комкующийся для кошачьих туалетов - 8 л (2,9 кг)","","1079.00",False,"2026-01-07 22:03:57.067687+03","2026-01-07 22:03:57.067687+03","cat","4002973234044","care","Наполнители","71008","69497","[""https://kotmatros.ru/wa-data/public/shop/products/97/94/69497/images/134770/134770.970.jpg""]","{""TipTovara"": ""Наполнители"", ""zhivotnoe"": ""Для кошек""}",0,NULL,"https://kotmatros.ru/napolnitel-cats-best-sensitive-drevesnyy-komkuyushchiysya-8-l-3-2-kg/","CATS BEST","65603","3.200",0,0,"[]",0,"regular",NULL,NULL,NULL,NULL,NULL,NULL,NULL,NULL,"all",NULL,NULL,NULL,NULL
"18","Cats Best Original наполнитель древесный комкующийся для кошачьих туалетов - 20 л (8,6 кг)","","2516.00",True,"2026-01-07 22:03:57.067687+03","2026-01-07 22:10:52.603114+03","cat","4002973189351","care","Наполнители","71005","69494","[""https://kotmatros.ru/wa-data/public/shop/products/94/94/69494/images/134767/134767.970.jpg""]","{""TipTovara"": ""Наполнители"", ""zhivotnoe"": ""Для кошек""}",161,NULL,"https://kotmatros.ru/napolnitel-cats-best-original-drevesnyy-komkuyushchiysya-20-l-8-6-kg/","CATS BEST","65601","8.600",0,1,"[]",0,"regular",NULL,NULL,NULL,NULL,NULL,NULL,NULL,NULL,"all",NULL,NULL,NULL,NULL
"22","Cats Best Smart Pellets наполнитель древесный комкующийся для кошачьих туалетов - 10 л (5 кг)","","2155.00",True,"2026-01-07 22:03:57.067687+03","2026-01-07 22:03:57.067687+03","cat",NULL,"care","Наполнители","71009","69498","[""https://kotmatros.ru/wa-data/public/shop/products/98/94/69498/images/134771/134771.970.jpg""]","{""TipTovara"": ""Наполнители"", ""zhivotnoe"": ""Для кошек""}",66,NULL,"https://kotmatros.ru/napolnitel-cats-best-smart-pellets-drevesnyy-komkuyushchiysya-10-l-5-kg/","CATS BEST","65605","5.000",0,0,"[]",0,"regular",NULL,NULL,NULL,NULL,NULL,NULL,NULL,NULL,"all",NULL,NULL,NULL,NULL
"23","Cats Best Smart Pellets наполнитель древесный комкующийся для кошачьих туалетов - 20 л (10 кг)","","3523.00",True,"2026-01-07 22:03:57.067687+03","2026-01-07 22:03:57.067687+03","cat","4002973217429","care","Наполнители","71010","69499","[""https://kotmatros.ru/wa-data/public/shop/products/99/94/69499/images/134772/134772.970.jpg""]","{""TipTovara"": ""Наполнители"", ""zhivotnoe"": ""Для кошек""}",6,NULL,"https://kotmatros.ru/napolnitel-cats-best-smart-pellets-drevesnyy-komkuyushchiysya-20-l/","CATS BEST","65606","10.000",0,0,"[]",0,"regular",NULL,NULL,NULL,NULL,NULL,NULL,NULL,NULL,"all",NULL,NULL,NULL,NULL
"24","Cats Best Smart Pellets наполнитель древесный комкующийся для кошачьих туалетов - 5 л (2,5 кг)","","1006.00",True,"2026-01-07 22:03:57.067687+03","2026-01-07 22:03:57.067687+03","cat",NULL,"care","Наполнители","71011","69500","[""https://kotmatros.ru/wa-data/public/shop/products/00/95/69500/images/134773/134773.970.jpg""]","{""TipTovara"": ""Наполнители"", ""zhivotnoe"": ""Для кошек""}",11,NULL,"https://kotmatros.ru/napolnitel-cats-best-smart-pellets-drevesnyy-komkuyushchiysya-5-l-2-5-kg/","CATS BEST","65604","2.500",0,0,"[]",0,"regular",NULL,NULL,NULL,NULL,NULL,NULL,NULL,NULL,"all",NULL,NULL,NULL,NULL
"25","Cats Best Universal наполнитель древесный впитывающий универсальный - 10 л (5,5 кг)","","815.00",False,"2026-01-07 22:03:57.067687+03","2026-01-07 22:03:57.067687+03","cat","4002973000465","care","Наполнители","71012","69501","[""https://kotmatros.ru/wa-data/public/shop/products/01/95/69501/images/173901/173901.970.png""]","{""TipTovara"": ""Наполнители"", ""zhivotnoe"": ""Для птиц""}",0,NULL,"https://kotmatros.ru/napolnitel-cats-best-universal-drevesnyy-vpityvayushchiy-10-l/","CATS BEST","26147","5.500",0,0,"[]",0,"regular",NULL,NULL,NULL,NULL,NULL,NULL,NULL,NULL,"all",NULL,NULL,NULL,NULL
"26","Cats Best Universal наполнитель древесный впитывающий универсальный - 7 л (4 кг)","","633.00",False,"2026-01-07 22:03:57.067687+03","2026-01-07 22:03:57.067687+03","cat","4002973000625","care","Наполнители","71013","69502","[""https://kotmatros.ru/wa-data/public/shop/products/02/95/69502/images/173900/173900.970.png""]","{""TipTovara"": ""Наполнители"", ""zhivotnoe"": ""Для птиц""}",0,NULL,"https://kotmatros.ru/napolnitel-cats-best-universal-drevesnyy-vpityvayushchiy-7-l-4-kg/","CATS BEST","26146","4.000",0,0,"[]",0,"regular",NULL,NULL,NULL,NULL,NULL,NULL,NULL,NULL,"all",NULL,NULL,NULL,NULL
"27","Спрей 3Д Волюмайзинг 1 All Systems для кошек и собак - 355 мл","","2444.00",False,"2026-01-07 22:03:57.067687+03","2026-01-07 22:03:57.067687+03","dog",NULL,"care","Средства по уходу","71014","69503","[""https://kotmatros.ru/wa-data/public/shop/products/03/95/69503/images/134776/134776.970.jpg""]","{""TipTovara"": ""Спреи"", ""zhivotnoe"": ""Для кошек"", ""Naznachenie"": ""Уход за шерстью""}",0,NULL,"https://kotmatros.ru/sprey-3d-volyumayzing-1-all-systems-dlya-koshek-i-sobak-355-ml/","1 ALL SYSTEMS","9206","0.410",0,0,"[]",0,"regular",NULL,NULL,NULL,NULL,NULL,NULL,NULL,NULL,"all",NULL,NULL,NULL,NULL
"28","Cats Best Universal Strawberry наполнитель древесный впитывающий универсальный, с ароматом клубники - 10 л (5,5 кг)","","950.00",False,"2026-01-07 22:03:57.067687+03","2026-01-07 22:03:57.067687+03","cat","4002973203958","care","Наполнители","71015","69504","[""https://kotmatros.ru/wa-data/public/shop/products/04/95/69504/images/173902/173902.970.png""]","{""TipTovara"": ""Наполнители"", ""zhivotnoe"": ""Для птиц""}",0,NULL,"https://kotmatros.ru/napolnitel-cats-best-universal-strawberry-drevesnyy-vpityvayushchiy-10-l-5-5-kg/","CATS BEST","27385","5.500",0,0,"[]",0,"regular",NULL,NULL,NULL,NULL,NULL,NULL,NULL,NULL,"all",NULL,NULL,NULL,NULL
"29","Кондиционер 1 All Systems Ботаникал на основе растительных экстратов - 250 мл","","1580.00",False,"2026-01-07 22:03:57.067687+03","2026-01-07 22:03:57.067687+03","dog",NULL,"care","Средства по уходу","71016","69505","[""https://kotmatros.ru/wa-data/public/shop/products/05/95/69505/images/134778/134778.970.jpg""]","{""TipTovara"": ""Кондиционеры"", ""zhivotnoe"": ""Для кошек""}",0,NULL,"https://kotmatros.ru/konditsioner-1-all-systems-botanikal-na-osnove-rastitelnykh-ekstratov-250-ml/","1 ALL SYSTEMS","601","0.270",0,0,"[]",0,"regular",NULL,NULL,NULL,NULL,NULL,NULL,NULL,NULL,"all",NULL,NULL,NULL,NULL
"30","Дезинфицирующее средство Лайна для животных 0,5 л","","564.00",False,"2026-01-07 22:03:57.067687+03","2026-01-07 22:03:57.067687+03","dog","4607101830015","care","Средства по уходу","71017","69506","[""https://kotmatros.ru/wa-data/public/shop/products/06/95/69506/images/162338/162338.970.jpg"", ""https://kotmatros.ru/wa-data/public/shop/products/06/95/69506/images/162339/162339.970.jpg""]","{""TipTovara"": ""Жидкости"", ""zhivotnoe"": ""Для кошек"", ""Naznachenie"": ""Дезинфекция""}",0,NULL,"https://kotmatros.ru/dezinfitsiruyushchee-sredstvo-layna-dlya-zhivotnykh-0-5-l/","Лайна","830015","0.500",0,0,"[]",0,"regular",NULL,NULL,NULL,NULL,NULL,NULL,NULL,NULL,"all",NULL,NULL,NULL,NULL
"31","Дезинфицирующее средство Лайна для животных 1 л","","932.00",False,"2026-01-07 22:03:57.067687+03","2026-01-07 22:03:57.067687+03","dog",NULL,"care","Средства по уходу","71018","69507","[""https://kotmatros.ru/wa-data/public/shop/products/07/95/69507/images/162340/162340.970.jpg"", ""https://kotmatros.ru/wa-data/public/shop/products/07/95/69507/images/162341/162341.970.jpg""]","{""TipTovara"": ""Жидкости"", ""zhivotnoe"": ""Для кошек"", ""Naznachenie"": ""Дезинфекция""}",0,NULL,"https://kotmatros.ru/dezinfitsiruyushchee-sredstvo-layna-dlya-zhivotnykh-1-l/","Лайна","830060","1.000",0,0,"[]",0,"regular",NULL,NULL,NULL,NULL,NULL,NULL,NULL,NULL,"all",NULL,NULL,NULL,NULL
"32","Кондиционер 1 All Systems Ботаникал на основе растительных экстратов - 3,78 л","","10838.00",False,"2026-01-07 22:03:57.067687+03","2026-01-07 22:03:57.067687+03","dog",NULL,"care","Средства по уходу","71019","69508","[""https://kotmatros.ru/wa-data/public/shop/products/08/95/69508/images/134781/134781.970.jpg""]","{""TipTovara"": ""Кондиционеры"", ""zhivotnoe"": ""Для кошек""}",0,NULL,"https://kotmatros.ru/konditsioner-1-all-systems-botanikal-na-osnove-rastitelnykh-ekstratov-3-78-l/","ГамаВетФарм","603","3.800",0,0,"[]",0,"regular",NULL,NULL,NULL,NULL,NULL,NULL,NULL,NULL,"all",NULL,NULL,NULL,NULL
"33","Шампунь1 All Systems Crisp Coat для жесткой шерсти - 250 мл","","1552.00",False,"2026-01-07 22:03:57.067687+03","2026-01-07 22:03:57.067687+03","dog",NULL,"care","Средства по уходу","71028","69517","[""https://kotmatros.ru/wa-data/public/shop/products/17/95/69517/images/134790/134790.970.jpg""]","{""TipTovara"": ""Шампуни"", ""zhivotnoe"": ""Для кошек"", ""Naznachenie"": ""Уход за шерстью""}",0,NULL,"https://kotmatros.ru/shampun1-all-systems-crisp-coat-dlya-zhestkoy-shersti-250-ml/","1 ALL SYSTEMS","301","0.270",0,0,"[]",0,"regular",NULL,NULL,NULL,NULL,NULL,NULL,NULL,NULL,"all",NULL,NULL,NULL,NULL
"34","Шампунь1 All Systems Crisp Coat для жесткой шерсти - 3,78 л","","10073.00",False,"2026-01-07 22:03:57.067687+03","2026-01-07 22:03:57.067687+03","dog",NULL,"care","Средства по уходу","71033","69522","[""https://kotmatros.ru/wa-data/public/shop/products/22/95/69522/images/134795/134795.970.jpg""]","{""TipTovara"": ""Шампуни"", ""zhivotnoe"": ""Для кошек"", ""Naznachenie"": ""Уход за шерстью""}",0,NULL,"https://kotmatros.ru/shampun1-all-systems-crisp-coat-dlya-zhestkoy-shersti-3-78-l/","1 ALL SYSTEMS","303","3.800",0,0,"[]",0,"regular",NULL,NULL,NULL,NULL,NULL,NULL,NULL,NULL,"all",NULL,NULL,NULL,NULL
"35","Средство для чистки ушей 1 All Systems - 236 мл","","2401.00",False,"2026-01-07 22:03:57.067687+03","2026-01-07 22:03:57.067687+03","dog",NULL,"care","Средства по уходу","71041","69530","[""https://kotmatros.ru/wa-data/public/shop/products/30/95/69530/images/134803/134803.970.jpg""]","{""TipTovara"": ""Жидкости"", ""zhivotnoe"": ""Для кошек"", ""Naznachenie"": ""Уход за ушами""}",0,NULL,"https://kotmatros.ru/sredstvo-dlya-chistki-ushey-1-all-systems-236-ml/","1 ALL SYSTEMS","9204","0.280",0,0,"[]",0,"regular",NULL,NULL,NULL,NULL,NULL,NULL,NULL,NULL,"all",NULL,NULL,NULL,NULL
"36","Шампунь 1 All Systems lightening осветляющий - 250 мл","","1552.00",False,"2026-01-07 22:03:57.067687+03","2026-01-07 22:03:57.067687+03","dog",NULL,"care","Средства по уходу","71048","69537","[""https://kotmatros.ru/wa-data/public/shop/products/37/95/69537/images/134810/134810.970.jpg""]","{""TipTovara"": ""Шампуни"", ""zhivotnoe"": ""Для кошек"", ""Naznachenie"": ""Уход за шерстью""}",0,NULL,"https://kotmatros.ru/shampun-1-all-systems-lightening-osvetlyayushchiy-250-ml/","1 ALL SYSTEMS","9001","0.270",0,0,"[]",0,"regular",NULL,NULL,NULL,NULL,NULL,NULL,NULL,NULL,"all",NULL,NULL,NULL,NULL
"37","Шампунь 1 All Systems lightening осветляющий - 3,78 л","","10165.00",False,"2026-01-07 22:03:57.067687+03","2026-01-07 22:03:57.067687+03","dog",NULL,"care","Средства по уходу","71049","69538","[""https://kotmatros.ru/wa-data/public/shop/products/38/95/69538/images/134811/134811.970.jpg""]","{""TipTovara"": ""Шампуни"", ""zhivotnoe"": ""Для кошек"", ""Naznachenie"": ""Уход за шерстью""}",0,NULL,"https://kotmatros.ru/shampun-1-all-systems-lightening-osvetlyayushchiy-3-78-l/","1 ALL SYSTEMS","9003","3.800",0,0,"[]",0,"regular",NULL,NULL,NULL,NULL,NULL,NULL,NULL,NULL,"all",NULL,NULL,NULL,NULL
"38","Шампунь 1 All Systems lightening осветляющий - 500 мл","","2765.00",False,"2026-01-07 22:03:57.067687+03","2026-01-07 22:03:57.067687+03","dog",NULL,"care","Средства по уходу","71050","69539","[""https://kotmatros.ru/wa-data/public/shop/products/39/95/69539/images/134812/134812.970.jpg""]","{""TipTovara"": ""Шампуни"", ""zhivotnoe"": ""Для кошек"", ""Naznachenie"": ""Уход за шерстью""}",0,NULL,"https://kotmatros.ru/shampun-1-all-systems-lightening-osvetlyayushchiy-500-ml/","1 ALL SYSTEMS","9002","0.530",0,0,"[]",0,"regular",NULL,NULL,NULL,NULL,NULL,NULL,NULL,NULL,"all",NULL,NULL,NULL,NULL
"39","Щетка 1 All Systems pin brush large овальная большая зубцы 27 мм. Габариты 0.043 x 0.074 x 0.235","","3242.00",False,"2026-01-07 22:03:57.067687+03","2026-01-07 22:03:57.067687+03","dog",NULL,"care","Средства по уходу","71051","69540","[""https://kotmatros.ru/wa-data/public/shop/products/40/95/69540/images/134813/134813.970.jpg""]","{""TipTovara"": ""Щетки"", ""zhivotnoe"": ""Для кошек"", ""Naznachenie"": ""Груминг""}",0,NULL,"https://kotmatros.ru/shchetka-1-all-systems-pin-brush-large-ovalnaya-bolshaya-zubtsy-27-mm-gabarity-0-043-x-0-074-x-0-235/","1 ALL SYSTEMS","5002","0.120",0,0,"[]",0,"regular",NULL,NULL,NULL,NULL,NULL,NULL,NULL,NULL,"all",NULL,NULL,NULL,NULL
"40","Массажная щетка1 All Systems pin brush белая овальная зубцы 35 мм. Габариты 0.055 x 0.075 x 0.24","","3460.00",False,"2026-01-07 22:03:57.079762+03","2026-01-07 22:03:57.079762+03","dog",NULL,"care","Средства по уходу","71057","69546","[""https://kotmatros.ru/wa-data/public/shop/products/46/95/69546/images/134819/134819.970.jpg""]","{""TipTovara"": ""Щетки"", ""zhivotnoe"": ""Для кошек"", ""Naznachenie"": ""Груминг""}",0,NULL,"https://kotmatros.ru/massazhnaya-shchetka1-all-systems-pin-brush-belaya-ovalnaya-zubtsy-35-mm-gabarity-0-055-x-0-075-x-0-24/","1 ALL SYSTEMS","5006","0.150",0,0,"[]",0,"regular",NULL,NULL,NULL,NULL,NULL,NULL,NULL,NULL,"all",NULL,NULL,NULL,NULL
"41","Щетка 1 All Systems pin brush овальная большая зубцы - 27 мм","","3390.00",False,"2026-01-07 22:03:57.079762+03","2026-01-07 22:03:57.079762+03","dog",NULL,"care","Средства по уходу","71062","69551","[""https://kotmatros.ru/wa-data/public/shop/products/51/95/69551/images/134824/134824.970.jpg""]","{""TipTovara"": ""Щетки"", ""zhivotnoe"": ""Для кошек"", ""Naznachenie"": ""Груминг""}",0,NULL,"https://kotmatros.ru/shchetka-1-all-systems-pin-brush-ovalnaya-bolshaya-zubtsy-27-mm/","1 ALL SYSTEMS","5007","0.110",0,0,"[]",0,"regular",NULL,NULL,NULL,NULL,NULL,NULL,NULL,NULL,"all",NULL,NULL,NULL,NULL
"42","Пчелодар шампунь антигрибковый с кетоконазолом 2% - 250 мл","","791.00",True,"2026-01-07 22:03:57.079762+03","2026-01-07 22:03:57.079762+03","dog","4607145632873","care","Средства по уходу","71097","69586","[""https://kotmatros.ru/wa-data/public/shop/products/86/95/69586/images/134859/134859.970.jpg""]","{""TipTovara"": ""Шампуни"", ""zhivotnoe"": ""Для кошек"", ""Naznachenie"": ""Уход за шерстью""}",47,NULL,"https://kotmatros.ru/lechebnyy-shampun-pchelodar-dlya-sobak-i-koshek-s-piroktonolaminom-antigribkovyy-250-ml/","Пчелодар","1002ПЧ","0.250",0,0,"[]",0,"regular",NULL,NULL,NULL,NULL,NULL,NULL,NULL,NULL,"all",NULL,NULL,NULL,NULL
"43","Рулетка-поводок Lishinu Original для собак голубая размер M","","3417.00",False,"2026-01-07 22:03:57.079762+03","2026-01-07 22:03:57.079762+03","dog","3830061190689","ammunition","Амуниция","71107","69596","[""https://kotmatros.ru/wa-data/public/shop/products/96/95/69596/images/134869/134869.970.jpg""]","{""TipTovara"": ""Рулетки"", ""zhivotnoe"": ""Для собак""}",0,"leashes","https://kotmatros.ru/ruletka-povodok-lishinu-original-dlya-sobak-golubaya-razmer-m/","Lishinu","3,83006E+12","0.450",0,0,"[]",0,"regular",NULL,NULL,NULL,NULL,NULL,NULL,NULL,NULL,"all",NULL,NULL,NULL,NULL
"44","Лосьон Пчеловод Ушастик для очистки ушей собак и кошек - 50 мл","","278.00",True,"2026-01-07 22:03:57.079762+03","2026-01-07 22:03:57.079762+03","dog","4607145634228","care","Средства по уходу","71133","69622","[""https://kotmatros.ru/wa-data/public/shop/products/22/96/69622/images/174527/174527.970.jpg""]","{""TipTovara"": ""Лосьоны"", ""zhivotnoe"": ""Для кошек"", ""Naznachenie"": ""Уход за ушами""}",19,NULL,"https://kotmatros.ru/loson-pchelovod-ushastik-dlya-ochistki-ushey-sobak-i-koshek-50-ml/","Пчелодар","4607145634228","0.050",0,0,"[]",0,"regular",NULL,NULL,NULL,NULL,NULL,NULL,NULL,NULL,"all",NULL,NULL,NULL,NULL
"45","Лосьон Пчелодар Слезинка для промывания глаз собак и кошек - 50 мл","","288.00",True,"2026-01-07 22:03:57.079762+03","2026-01-07 22:03:57.079762+03","dog","4607145634235","care","Средства по уходу","71138","69627","[""https://kotmatros.ru/wa-data/public/shop/products/27/96/69627/images/174528/174528.970.jpg""]","{""TipTovara"": ""Лосьоны"", ""zhivotnoe"": ""Для кошек"", ""Naznachenie"": ""Уход за глазами""}",23,NULL,"https://kotmatros.ru/loson-pchelodar-slezinka-dlya-promyvaniya-glaz-sobak-i-koshek-50-ml/","Пчелодар","4607145634235","0.050",0,0,"[]",0,"regular",NULL,NULL,NULL,NULL,NULL,NULL,NULL,NULL,"all",NULL,NULL,NULL,NULL
"46","Шампунь суперочищающий 1 All Systems Super Cleaning&Conditioning Shampoo - 250 мл","","1179.00",False,"2026-01-07 22:03:57.079762+03","2026-01-07 22:03:57.079762+03","dog",NULL,"care","Средства по уходу","71146","69635","[""https://kotmatros.ru/wa-data/public/shop/products/35/96/69635/images/134908/134908.970.jpg""]","{""TipTovara"": ""Шампуни"", ""zhivotnoe"": ""Для кошек"", ""Naznachenie"": ""Уход за шерстью""}",0,NULL,"https://kotmatros.ru/shampun-superochishchayushchiy-1-all-systems-super-cleaning-conditioning-shampoo-250-ml/","1 ALL SYSTEMS","101","0.270",0,0,"[]",0,"regular",NULL,NULL,NULL,NULL,NULL,NULL,NULL,NULL,"all",NULL,NULL,NULL,NULL
"47","Шампунь суперочищающий 1 All Systems Super Cleaning&Conditioning Shampoo - 3,78 л","","7526.00",False,"2026-01-07 22:03:57.083326+03","2026-01-07 22:03:57.083326+03","dog",NULL,"care","Средства по уходу","71147","69636","[""https://kotmatros.ru/wa-data/public/shop/products/36/96/69636/images/134909/134909.970.jpg""]","{""TipTovara"": ""Шампуни"", ""zhivotnoe"": ""Для кошек"", ""Naznachenie"": ""Уход за шерстью""}",0,NULL,"https://kotmatros.ru/shampun-superochishchayushchiy-1-all-systems-super-cleaning-conditioning-shampoo-3-78-l/","1 ALL SYSTEMS","103","3.800",0,0,"[]",0,"regular",NULL,NULL,NULL,NULL,NULL,NULL,NULL,NULL,"all",NULL,NULL,NULL,NULL
"48","Кондиционер1 All Systems Super Rich Protein суперпротеиновый - 250 мл","","1485.00",False,"2026-01-07 22:03:57.083326+03","2026-01-07 22:03:57.083326+03","dog",NULL,"care","Средства по уходу","71149","69638","[""https://kotmatros.ru/wa-data/public/shop/products/38/96/69638/images/212216/212216.970.png"", ""https://kotmatros.ru/wa-data/public/shop/products/38/96/69638/images/212217/212217.970.png""]","{""TipTovara"": ""Кондиционеры"", ""zhivotnoe"": ""Для кошек""}",0,NULL,"https://kotmatros.ru/konditsioner1-all-systems-super-rich-protein-superproteinovyy-250-ml/","1 ALL SYSTEMS","501","0.270",0,0,"[]",0,"regular",NULL,NULL,NULL,NULL,NULL,NULL,NULL,NULL,"all",NULL,NULL,NULL,NULL
"49","Кондиционер1 All Systems Super Rich Protein суперпротеиновый - 3,78 л","","9271.00",False,"2026-01-07 22:03:57.083326+03","2026-01-07 22:03:57.083326+03","dog",NULL,"care","Средства по уходу","71150","69639","[""https://kotmatros.ru/wa-data/public/shop/products/39/96/69639/images/134912/134912.970.jpg""]","{""TipTovara"": ""Кондиционеры"", ""zhivotnoe"": ""Для кошек""}",0,NULL,"https://kotmatros.ru/konditsioner1-all-systems-super-rich-protein-superproteinovyy-3-78-l/","1 ALL SYSTEMS","503","3.800",0,0,"[]",0,"regular",NULL,NULL,NULL,NULL,NULL,NULL,NULL,NULL,"all",NULL,NULL,NULL,NULL
"50","Кондиционер1 All Systems Super Rich Protein суперпротеиновый - 500 мл","","2620.00",False,"2026-01-07 22:03:57.083326+03","2026-01-07 22:03:57.083326+03","dog",NULL,"care","Средства по уходу","71154","69643","[""https://kotmatros.ru/wa-data/public/shop/products/43/96/69643/images/134916/134916.970.jpg""]","{""TipTovara"": ""Кондиционеры"", ""zhivotnoe"": ""Для кошек""}",0,NULL,"https://kotmatros.ru/konditsioner1-all-systems-super-rich-protein-superproteinovyy-500-ml/","1 ALL SYSTEMS","502","0.530",0,0,"[]",0,"regular",NULL,NULL,NULL,NULL,NULL,NULL,NULL,NULL,"all",NULL,NULL,NULL,NULL
"51","Гель отбеливающий 1 All Systems Super Whitening Gel - 237 мл","","2180.00",False,"2026-01-07 22:03:57.083326+03","2026-01-07 22:03:57.083326+03","dog","850727008083","care","Средства по уходу","71165","69654","[""https://kotmatros.ru/wa-data/public/shop/products/54/96/69654/images/134927/134927.970.jpg""]","{""TipTovara"": ""Гели"", ""zhivotnoe"": ""Для кошек"", ""Naznachenie"": ""Удаление пятен""}",0,NULL,"https://kotmatros.ru/gel-otbelivayushchiy-1-all-systems-super-whitening-gel-237-ml/","1 ALL SYSTEMS","9202","0.300",0,0,"[]",0,"regular",NULL,NULL,NULL,NULL,NULL,NULL,NULL,NULL,"all",NULL,NULL,NULL,NULL
"52","Шампунь отбеливающий для яркости окраса 1 All Systems Whitening Shampoo - 250 мл","","1228.00",False,"2026-01-07 22:03:57.083326+03","2026-01-07 22:03:57.083326+03","dog",NULL,"care","Средства по уходу","71191","69680","[""https://kotmatros.ru/wa-data/public/shop/products/80/96/69680/images/134953/134953.970.jpg""]","{""TipTovara"": ""Шампуни"", ""zhivotnoe"": ""Для кошек"", ""Naznachenie"": ""Уход за шерстью""}",0,NULL,"https://kotmatros.ru/shampun-otbelivayushchiy-dlya-yarkosti-okrasa-1-all-systems-whitening-shampoo-250-ml/","1 ALL SYSTEMS","201","0.270",0,0,"[]",0,"regular",NULL,NULL,NULL,NULL,NULL,NULL,NULL,NULL,"all",NULL,NULL,NULL,NULL
"53","Шампунь отбеливающий для яркости окраса 1 All Systems Whitening Shampoo - 3,78 л","","7859.00",False,"2026-01-07 22:03:57.083326+03","2026-01-07 22:03:57.083326+03","dog",NULL,"care","Средства по уходу","71192","69681","[""https://kotmatros.ru/wa-data/public/shop/products/81/96/69681/images/134954/134954.970.jpg""]","{""TipTovara"": ""Шампуни"", ""zhivotnoe"": ""Для кошек"", ""Naznachenie"": ""Уход за шерстью""}",0,NULL,"https://kotmatros.ru/shampun-otbelivayushchiy-dlya-yarkosti-okrasa-1-all-systems-whitening-shampoo-3-78-l/","1 ALL SYSTEMS","203","3.800",0,0,"[]",0,"regular",NULL,NULL,NULL,NULL,NULL,NULL,NULL,NULL,"all",NULL,NULL,NULL,NULL
"54","Шампунь отбеливающий для яркости окраса 1 All Systems Whitening Shampoo - 500 мл","","2120.00",False,"2026-01-07 22:03:57.083326+03","2026-01-07 22:03:57.083326+03","dog",NULL,"care","Средства по уходу","71193","69682","[""https://kotmatros.ru/wa-data/public/shop/products/82/96/69682/images/134955/134955.970.jpg""]","{""TipTovara"": ""Шампуни"", ""zhivotnoe"": ""Для кошек"", ""Naznachenie"": ""Уход за шерстью""}",0,NULL,"https://kotmatros.ru/shampun-otbelivayushchiy-dlya-yarkosti-okrasa-1-all-systems-whitening-shampoo-500-ml/","1 ALL SYSTEMS","202","0.530",0,0,"[]",0,"regular",NULL,NULL,NULL,NULL,NULL,NULL,NULL,NULL,"all",NULL,NULL,NULL,NULL
"55","Суперочищающий шампунь 1 All Systems для блеска - 250 мл","","1734.00",False,"2026-01-07 22:03:57.083326+03","2026-01-07 22:03:57.083326+03","dog",NULL,"care","Средства по уходу","71194","69683","[""https://kotmatros.ru/wa-data/public/shop/products/83/96/69683/images/134956/134956.970.jpg""]","{""TipTovara"": ""Шампуни"", ""zhivotnoe"": ""Для кошек"", ""Naznachenie"": ""Уход за шерстью""}",0,NULL,"https://kotmatros.ru/superochishchayushchiy-shampun-1-all-systems-dlya-bleska-250-ml/","1 ALL SYSTEMS","9401","0.270",0,0,"[]",0,"regular",NULL,NULL,NULL,NULL,NULL,NULL,NULL,NULL,"all",NULL,NULL,NULL,NULL
"56","Средство Nature`s Miracle House-Breaking в форме спрея для приучения собак к туалету - 237 мл","","498.00",False,"2026-01-07 22:03:57.083326+03","2026-01-07 22:03:57.083326+03","dog",NULL,"care","Контроль поведения","71253","69742","[""https://kotmatros.ru/wa-data/public/shop/products/42/97/69742/images/135015/135015.970.jpg""]","{""TipTovara"": ""Спреи"", ""zhivotnoe"": ""Для собак"", ""Naznachenie"": ""Приучение к месту""}",0,NULL,"https://kotmatros.ru/sredstvo-nature-s-miracle-house-breaking-v-forme-spreya-dlya-priucheniya-sobak-k-tualetu-237-ml/","Nature`s Miracle","5057655","0.300",0,0,"[]",0,"regular",NULL,NULL,NULL,NULL,NULL,NULL,NULL,NULL,"all",NULL,NULL,NULL,NULL
"57","MidWest вольер 8 панелей с дверью позолоченный цинк 61х61h см","","5945.00",False,"2026-01-07 22:03:57.083326+03","2026-01-07 22:03:57.083326+03","dog","027773001317","transport","Транспортировка и содержание","71256","69745","[""https://kotmatros.ru/wa-data/public/shop/products/45/97/69745/images/197001/197001.970.jpg"", ""https://kotmatros.ru/wa-data/public/shop/products/45/97/69745/images/197002/197002.970.jpg"", ""https://kotmatros.ru/wa-data/public/shop/products/45/97/69745/images/197003/197003.970.jpg"", ""https://kotmatros.ru/wa-data/public/shop/products/45/97/69745/images/197004/197004.970.jpg"", ""https://kotmatros.ru/wa-data/public/shop/products/45/97/69745/images/197005/197005.970.jpg"", ""https://kotmatros.ru/wa-data/public/shop/products/45/97/69745/images/197006/197006.970.jpg"", ""https://kotmatros.ru/wa-data/public/shop/products/45/97/69745/images/197007/197007.970.jpg""]","{""TipTovara"": ""Вольеры"", ""zhivotnoe"": ""Для собак""}",0,NULL,"https://kotmatros.ru/midwest-voler-8-paneley-s-dveryu-pozolochennyy-tsink-61kh61h-sm/","MidWest","MDW-540-24","8.800",0,0,"[]",0,"regular",NULL,NULL,NULL,NULL,NULL,NULL,NULL,NULL,"all",NULL,NULL,NULL,NULL
"58","MidWest вольер Life Stages 8 панелей с дверью-MAXLock черный 61х61 см","","5861.00",False,"2026-01-07 22:03:57.083326+03","2026-01-07 22:03:57.083326+03","dog","027773017585","transport","Транспортировка и содержание","71260","69749","[""https://kotmatros.ru/wa-data/public/shop/products/49/97/69749/images/197022/197022.970.jpg"", ""https://kotmatros.ru/wa-data/public/shop/products/49/97/69749/images/197023/197023.970.jpg"", ""https://kotmatros.ru/wa-data/public/shop/products/49/97/69749/images/197024/197024.970.jpg"", ""https://kotmatros.ru/wa-data/public/shop/products/49/97/69749/images/197025/197025.970.jpg"", ""https://kotmatros.ru/wa-data/public/shop/products/49/97/69749/images/197026/197026.970.jpg"", ""https://kotmatros.ru/wa-data/public/shop/products/49/97/69749/images/197027/197027.970.jpg""]","{""TipTovara"": ""Вольеры"", ""zhivotnoe"": ""Для собак""}",0,NULL,"https://kotmatros.ru/midwest-voler-life-stages-8-paneley-s-dveryu-maxlock-chernyy-61kh61-sm/","MidWest","MDW-524DR","8.400",0,0,"[]",0,"regular",NULL,NULL,NULL,NULL,NULL,NULL,NULL,NULL,"all",NULL,NULL,NULL,NULL
"59","MidWest вольер Life Stages 8 панелей с дверью-MAXLock черный 61х91 см","","8593.00",False,"2026-01-07 22:03:57.083326+03","2026-01-07 22:03:57.083326+03","dog","027773017608","transport","Транспортировка и содержание","71262","69751","[""https://kotmatros.ru/wa-data/public/shop/products/51/97/69751/images/197034/197034.970.jpg"", ""https://kotmatros.ru/wa-data/public/shop/products/51/97/69751/images/197035/197035.970.jpg"", ""https://kotmatros.ru/wa-data/public/shop/products/51/97/69751/images/197036/197036.970.jpg"", ""https://kotmatros.ru/wa-data/public/shop/products/51/97/69751/images/197037/197037.970.jpg"", ""https://kotmatros.ru/wa-data/public/shop/products/51/97/69751/images/197038/197038.970.jpg"", ""https://kotmatros.ru/wa-data/public/shop/products/51/97/69751/images/197039/197039.970.jpg""]","{""TipTovara"": ""Вольеры"", ""zhivotnoe"": ""Для собак""}",0,NULL,"https://kotmatros.ru/midwest-voler-life-stages-8-paneley-s-dveryu-maxlock-chernyy-61kh91-sm/","MidWest","MDW-536DR","12.000",0,0,"[]",0,"regular",NULL,NULL,NULL,NULL,NULL,NULL,NULL,NULL,"all",NULL,NULL,NULL,NULL
"90","Mr. Bruno ""Послушный шелк"" шампунь-кондиционер для длинношерстных собак - 350 мл","","449.00",False,"2026-01-07 22:03:57.083326+03","2026-01-07 22:03:57.083326+03","dog","4606982002450","care","Средства по уходу","71427","69916","[""https://kotmatros.ru/wa-data/public/shop/products/16/99/69916/images/173696/173696.970.png""]","{""TipTovara"": ""Шампуни"", ""zhivotnoe"": ""Для собак"", ""Naznachenie"": ""Уход за шерстью""}",0,NULL,"https://kotmatros.ru/mr-bruno-shampun-konditsioner-dlya-dlinnoy-shersti-poslushnyy-shelk/","Mr.Bruno","13454","0.400",0,0,"[]",0,"regular",NULL,NULL,NULL,NULL,NULL,NULL,NULL,NULL,"all",NULL,NULL,NULL,NULL
"60","MidWest клетка iCrate 76х48х53h см 2 двери черная","","5838.00",False,"2026-01-07 22:03:57.083326+03","2026-01-07 22:03:57.083326+03","dog","027773007739","transport","Транспортировка и содержание","71269","69758","[""https://kotmatros.ru/wa-data/public/shop/products/58/97/69758/images/197061/197061.970.jpg"", ""https://kotmatros.ru/wa-data/public/shop/products/58/97/69758/images/197062/197062.970.jpg"", ""https://kotmatros.ru/wa-data/public/shop/products/58/97/69758/images/197063/197063.970.jpg"", ""https://kotmatros.ru/wa-data/public/shop/products/58/97/69758/images/197064/197064.970.jpg"", ""https://kotmatros.ru/wa-data/public/shop/products/58/97/69758/images/197065/197065.970.jpg"", ""https://kotmatros.ru/wa-data/public/shop/products/58/97/69758/images/197066/197066.970.jpg"", ""https://kotmatros.ru/wa-data/public/shop/products/58/97/69758/images/197067/197067.970.jpg"", ""https://kotmatros.ru/wa-data/public/shop/products/58/97/69758/images/197068/197068.970.jpg"", ""https://kotmatros.ru/wa-data/public/shop/products/58/97/69758/images/197069/197069.970.jpg"", ""https://kotmatros.ru/wa-data/public/shop/products/58/97/69758/images/197070/197070.970.jpg"", ""https://kotmatros.ru/wa-data/public/shop/products/58/97/69758/images/197071/197071.970.jpg"", ""https://kotmatros.ru/wa-data/public/shop/products/58/97/69758/images/197072/197072.970.jpg""]","{""TipTovara"": ""Клетки"", ""zhivotnoe"": ""Для собак""}",0,NULL,"https://kotmatros.ru/midwest-kletka-icrate-76kh48kh53h-sm-2-dveri-chernaya/","MidWest","MDW-1530DD","8.800",0,0,"[]",0,"regular",NULL,NULL,NULL,NULL,NULL,NULL,NULL,NULL,"all",NULL,NULL,NULL,NULL
"61","MidWest клетка iCrate 91х58х64h см 2 двери черная","","7817.00",False,"2026-01-07 22:03:57.083326+03","2026-01-07 22:03:57.083326+03","dog","027773007746","transport","Транспортировка и содержание","71270","69759","[""https://kotmatros.ru/wa-data/public/shop/products/59/97/69759/images/197073/197073.970.jpg"", ""https://kotmatros.ru/wa-data/public/shop/products/59/97/69759/images/197074/197074.970.jpg"", ""https://kotmatros.ru/wa-data/public/shop/products/59/97/69759/images/197075/197075.970.jpg"", ""https://kotmatros.ru/wa-data/public/shop/products/59/97/69759/images/197076/197076.970.jpg"", ""https://kotmatros.ru/wa-data/public/shop/products/59/97/69759/images/197077/197077.970.jpg"", ""https://kotmatros.ru/wa-data/public/shop/products/59/97/69759/images/197078/197078.970.jpg"", ""https://kotmatros.ru/wa-data/public/shop/products/59/97/69759/images/197079/197079.970.jpg"", ""https://kotmatros.ru/wa-data/public/shop/products/59/97/69759/images/197080/197080.970.jpg"", ""https://kotmatros.ru/wa-data/public/shop/products/59/97/69759/images/197081/197081.970.jpg"", ""https://kotmatros.ru/wa-data/public/shop/products/59/97/69759/images/197082/197082.970.jpg"", ""https://kotmatros.ru/wa-data/public/shop/products/59/97/69759/images/197083/197083.970.jpg"", ""https://kotmatros.ru/wa-data/public/shop/products/59/97/69759/images/197084/197084.970.jpg"", ""https://kotmatros.ru/wa-data/public/shop/products/59/97/69759/images/197085/197085.970.jpg"", ""https://kotmatros.ru/wa-data/public/shop/products/59/97/69759/images/197086/197086.970.jpg""]","{""TipTovara"": ""Клетки"", ""zhivotnoe"": ""Для собак""}",0,NULL,"https://kotmatros.ru/midwest-kletka-icrate-91kh58kh64h-sm-2-dveri-chernaya/","MidWest","MDW-1536DD","12.100",0,0,"[]",0,"regular",NULL,NULL,NULL,NULL,NULL,NULL,NULL,NULL,"all",NULL,NULL,NULL,NULL
"62","MidWest клетка Life Stages 107х71х79h см 2 двери черная","","12447.00",False,"2026-01-07 22:03:57.083326+03","2026-01-07 22:03:57.083326+03","dog","027773004844","transport","Транспортировка и содержание","71271","69760","[""https://kotmatros.ru/wa-data/public/shop/products/60/97/69760/images/197087/197087.970.jpg"", ""https://kotmatros.ru/wa-data/public/shop/products/60/97/69760/images/197088/197088.970.jpg"", ""https://kotmatros.ru/wa-data/public/shop/products/60/97/69760/images/197089/197089.970.jpg"", ""https://kotmatros.ru/wa-data/public/shop/products/60/97/69760/images/197090/197090.970.jpg"", ""https://kotmatros.ru/wa-data/public/shop/products/60/97/69760/images/197091/197091.970.jpg"", ""https://kotmatros.ru/wa-data/public/shop/products/60/97/69760/images/197092/197092.970.jpg"", ""https://kotmatros.ru/wa-data/public/shop/products/60/97/69760/images/197093/197093.970.jpg"", ""https://kotmatros.ru/wa-data/public/shop/products/60/97/69760/images/197094/197094.970.jpg"", ""https://kotmatros.ru/wa-data/public/shop/products/60/97/69760/images/197095/197095.970.jpg"", ""https://kotmatros.ru/wa-data/public/shop/products/60/97/69760/images/197096/197096.970.jpg"", ""https://kotmatros.ru/wa-data/public/shop/products/60/97/69760/images/197097/197097.970.jpg"", ""https://kotmatros.ru/wa-data/public/shop/products/60/97/69760/images/197098/197098.970.jpg"", ""https://kotmatros.ru/wa-data/public/shop/products/60/97/69760/images/197099/197099.970.jpg"", ""https://kotmatros.ru/wa-data/public/shop/products/60/97/69760/images/197100/197100.970.jpg"", ""https://kotmatros.ru/wa-data/public/shop/products/60/97/69760/images/197101/197101.970.jpg"", ""https://kotmatros.ru/wa-data/public/shop/products/60/97/69760/images/197102/197102.970.jpg""]","{""TipTovara"": ""Клетки"", ""zhivotnoe"": ""Для собак""}",0,NULL,"https://kotmatros.ru/midwest-kletka-life-stages-107kh71kh79h-sm-2-dveri-chernaya/","MidWest","MDW-1642DD","22.000",0,0,"[]",0,"regular",NULL,NULL,NULL,NULL,NULL,NULL,NULL,NULL,"all",NULL,NULL,NULL,NULL
"63","MidWest клетка Life Stages 122х76х84h см 2 двери черная","","14539.00",False,"2026-01-07 22:03:57.083326+03","2026-01-07 22:03:57.083326+03","dog","027773004851","transport","Транспортировка и содержание","71272","69761","[""https://kotmatros.ru/wa-data/public/shop/products/61/97/69761/images/197103/197103.970.jpg"", ""https://kotmatros.ru/wa-data/public/shop/products/61/97/69761/images/197104/197104.970.jpg"", ""https://kotmatros.ru/wa-data/public/shop/products/61/97/69761/images/197105/197105.970.jpg"", ""https://kotmatros.ru/wa-data/public/shop/products/61/97/69761/images/197106/197106.970.jpg"", ""https://kotmatros.ru/wa-data/public/shop/products/61/97/69761/images/197107/197107.970.jpg"", ""https://kotmatros.ru/wa-data/public/shop/products/61/97/69761/images/197108/197108.970.jpg"", ""https://kotmatros.ru/wa-data/public/shop/products/61/97/69761/images/197109/197109.970.jpg"", ""https://kotmatros.ru/wa-data/public/shop/products/61/97/69761/images/197110/197110.970.jpg"", ""https://kotmatros.ru/wa-data/public/shop/products/61/97/69761/images/197111/197111.970.jpg"", ""https://kotmatros.ru/wa-data/public/shop/products/61/97/69761/images/197112/197112.970.jpg"", ""https://kotmatros.ru/wa-data/public/shop/products/61/97/69761/images/197113/197113.970.jpg"", ""https://kotmatros.ru/wa-data/public/shop/products/61/97/69761/images/197114/197114.970.jpg"", ""https://kotmatros.ru/wa-data/public/shop/products/61/97/69761/images/197115/197115.970.jpg""]","{""TipTovara"": ""Клетки"", ""zhivotnoe"": ""Для собак""}",0,NULL,"https://kotmatros.ru/midwest-kletka-life-stages-122kh76kh84h-sm-2-dveri-chernaya/","MidWest","MDW-1648DD","25.000",0,0,"[]",0,"regular",NULL,NULL,NULL,NULL,NULL,NULL,NULL,NULL,"all",NULL,NULL,NULL,NULL
"75","Миска MidWest для собак, для клеток и вольеров 1,85 л нержавеющая сталь","","1340.00",False,"2026-01-07 22:03:57.083326+03","2026-01-07 22:03:57.083326+03","dog","027773007142","care","Миски","71318","69807","[""https://kotmatros.ru/wa-data/public/shop/products/07/98/69807/images/197391/197391.970.jpg"", ""https://kotmatros.ru/wa-data/public/shop/products/07/98/69807/images/197392/197392.970.jpg"", ""https://kotmatros.ru/wa-data/public/shop/products/07/98/69807/images/197393/197393.970.jpg"", ""https://kotmatros.ru/wa-data/public/shop/products/07/98/69807/images/197394/197394.970.jpg"", ""https://kotmatros.ru/wa-data/public/shop/products/07/98/69807/images/197395/197395.970.jpg"", ""https://kotmatros.ru/wa-data/public/shop/products/07/98/69807/images/197396/197396.970.jpg"", ""https://kotmatros.ru/wa-data/public/shop/products/07/98/69807/images/197397/197397.970.jpg""]","{""zhivotnoe"": ""Для кошек""}",0,NULL,"https://kotmatros.ru/midwest-miska-dlya-kletok-i-volerov-nerzhaveyushchaya-stal-1-85-l/","MidWest","42","0.550",0,0,"[]",0,"regular",NULL,NULL,NULL,NULL,NULL,NULL,NULL,NULL,"all",NULL,NULL,NULL,NULL
"64","MidWest клетка Life Stages 76х53х61h см 2 двери черная","","6811.00",False,"2026-01-07 22:03:57.083326+03","2026-01-07 22:03:57.083326+03","dog","027773005780","transport","Транспортировка и содержание","71273","69762","[""https://kotmatros.ru/wa-data/public/shop/products/62/97/69762/images/197116/197116.970.jpg"", ""https://kotmatros.ru/wa-data/public/shop/products/62/97/69762/images/197117/197117.970.jpg"", ""https://kotmatros.ru/wa-data/public/shop/products/62/97/69762/images/197118/197118.970.jpg"", ""https://kotmatros.ru/wa-data/public/shop/products/62/97/69762/images/197119/197119.970.jpg"", ""https://kotmatros.ru/wa-data/public/shop/products/62/97/69762/images/197120/197120.970.jpg"", ""https://kotmatros.ru/wa-data/public/shop/products/62/97/69762/images/197121/197121.970.jpg"", ""https://kotmatros.ru/wa-data/public/shop/products/62/97/69762/images/197122/197122.970.jpg"", ""https://kotmatros.ru/wa-data/public/shop/products/62/97/69762/images/197123/197123.970.jpg"", ""https://kotmatros.ru/wa-data/public/shop/products/62/97/69762/images/197124/197124.970.jpg"", ""https://kotmatros.ru/wa-data/public/shop/products/62/97/69762/images/197125/197125.970.jpg"", ""https://kotmatros.ru/wa-data/public/shop/products/62/97/69762/images/197126/197126.970.jpg"", ""https://kotmatros.ru/wa-data/public/shop/products/62/97/69762/images/197127/197127.970.jpg"", ""https://kotmatros.ru/wa-data/public/shop/products/62/97/69762/images/197128/197128.970.jpg"", ""https://kotmatros.ru/wa-data/public/shop/products/62/97/69762/images/197129/197129.970.jpg"", ""https://kotmatros.ru/wa-data/public/shop/products/62/97/69762/images/197130/197130.970.jpg"", ""https://kotmatros.ru/wa-data/public/shop/products/62/97/69762/images/197131/197131.970.jpg""]","{""TipTovara"": ""Клетки"", ""zhivotnoe"": ""Для собак""}",0,NULL,"https://kotmatros.ru/midwest-kletka-life-stages-76kh53kh61h-sm-2-dveri-chernaya/","MidWest","MDW-1630DD","11.500",0,0,"[]",0,"regular",NULL,NULL,NULL,NULL,NULL,NULL,NULL,NULL,"all",NULL,NULL,NULL,NULL
"65","MidWest клетка Life Stages 91х61х69h см 2 двери черная","","8563.00",False,"2026-01-07 22:03:57.083326+03","2026-01-07 22:03:57.083326+03","dog","027773004837","transport","Транспортировка и содержание","71274","69763","[""https://kotmatros.ru/wa-data/public/shop/products/63/97/69763/images/197132/197132.970.jpg"", ""https://kotmatros.ru/wa-data/public/shop/products/63/97/69763/images/197133/197133.970.jpg"", ""https://kotmatros.ru/wa-data/public/shop/products/63/97/69763/images/197134/197134.970.jpg"", ""https://kotmatros.ru/wa-data/public/shop/products/63/97/69763/images/197135/197135.970.jpg"", ""https://kotmatros.ru/wa-data/public/shop/products/63/97/69763/images/197136/197136.970.jpg"", ""https://kotmatros.ru/wa-data/public/shop/products/63/97/69763/images/197137/197137.970.jpg"", ""https://kotmatros.ru/wa-data/public/shop/products/63/97/69763/images/197138/197138.970.jpg"", ""https://kotmatros.ru/wa-data/public/shop/products/63/97/69763/images/197139/197139.970.jpg"", ""https://kotmatros.ru/wa-data/public/shop/products/63/97/69763/images/197140/197140.970.jpg"", ""https://kotmatros.ru/wa-data/public/shop/products/63/97/69763/images/197141/197141.970.jpg"", ""https://kotmatros.ru/wa-data/public/shop/products/63/97/69763/images/197142/197142.970.jpg"", ""https://kotmatros.ru/wa-data/public/shop/products/63/97/69763/images/197143/197143.970.jpg"", ""https://kotmatros.ru/wa-data/public/shop/products/63/97/69763/images/197144/197144.970.jpg"", ""https://kotmatros.ru/wa-data/public/shop/products/63/97/69763/images/197145/197145.970.jpg"", ""https://kotmatros.ru/wa-data/public/shop/products/63/97/69763/images/197146/197146.970.jpg""]","{""TipTovara"": ""Клетки"", ""zhivotnoe"": ""Для собак""}",0,NULL,"https://kotmatros.ru/midwest-kletka-life-stages-91kh61kh69h-sm-2-dveri-chernaya/","MidWest","MDW-1636DD","15.500",0,0,"[]",0,"regular",NULL,NULL,NULL,NULL,NULL,NULL,NULL,NULL,"all",NULL,NULL,NULL,NULL
"66","MidWest клетка Ovation 79х49х54,6h см с торцевой вертикально-откидной дверью черная","","6609.00",False,"2026-01-07 22:03:57.083326+03","2026-01-07 22:03:57.083326+03","dog","027773015703","transport","Транспортировка и содержание","71276","69765","[""https://kotmatros.ru/wa-data/public/shop/products/65/97/69765/images/197155/197155.970.jpg"", ""https://kotmatros.ru/wa-data/public/shop/products/65/97/69765/images/197156/197156.970.jpg"", ""https://kotmatros.ru/wa-data/public/shop/products/65/97/69765/images/197157/197157.970.jpg"", ""https://kotmatros.ru/wa-data/public/shop/products/65/97/69765/images/197158/197158.970.jpg"", ""https://kotmatros.ru/wa-data/public/shop/products/65/97/69765/images/197159/197159.970.jpg"", ""https://kotmatros.ru/wa-data/public/shop/products/65/97/69765/images/197160/197160.970.jpg"", ""https://kotmatros.ru/wa-data/public/shop/products/65/97/69765/images/197161/197161.970.jpg""]","{""TipTovara"": ""Клетки"", ""zhivotnoe"": ""Для собак""}",0,NULL,"https://kotmatros.ru/midwest-kletka-ovation-79kh49kh54-6h-sm-s-tortsevoy-vertikalno-otkidnoy-dveryu-chernaya/","MidWest","MDW-1930","9.100",0,0,"[]",0,"regular",NULL,NULL,NULL,NULL,NULL,NULL,NULL,NULL,"all",NULL,NULL,NULL,NULL
"67","MidWest клетка Ovation 94,6х58,4х63,5h см с торцевой вертикально-откидной дверью черная","","8675.00",False,"2026-01-07 22:03:57.083326+03","2026-01-07 22:03:57.083326+03","dog","027773015710","transport","Транспортировка и содержание","71278","69767","[""https://kotmatros.ru/wa-data/public/shop/products/67/97/69767/images/197162/197162.970.jpg"", ""https://kotmatros.ru/wa-data/public/shop/products/67/97/69767/images/197163/197163.970.jpg"", ""https://kotmatros.ru/wa-data/public/shop/products/67/97/69767/images/197164/197164.970.jpg"", ""https://kotmatros.ru/wa-data/public/shop/products/67/97/69767/images/197165/197165.970.jpg"", ""https://kotmatros.ru/wa-data/public/shop/products/67/97/69767/images/197166/197166.970.jpg"", ""https://kotmatros.ru/wa-data/public/shop/products/67/97/69767/images/197167/197167.970.jpg""]","{""TipTovara"": ""Клетки"", ""zhivotnoe"": ""Для собак""}",0,NULL,"https://kotmatros.ru/midwest-kletka-ovation-94-6kh58-4kh63-5h-sm-s-tortsevoy-vertikalno-otkidnoy-dveryu-chernaya/","MidWest","MDW-1936","12.100",0,0,"[]",0,"regular",NULL,NULL,NULL,NULL,NULL,NULL,NULL,NULL,"all",NULL,NULL,NULL,NULL
"68","MidWest клетка Solutions 137х94х114h см 2 двери черная","","22585.00",False,"2026-01-07 22:03:57.083326+03","2026-01-07 22:03:57.083326+03","dog","027773008859","transport","Транспортировка и содержание","71279","69768","[""https://kotmatros.ru/wa-data/public/shop/products/68/97/69768/images/197168/197168.970.jpg"", ""https://kotmatros.ru/wa-data/public/shop/products/68/97/69768/images/197169/197169.970.jpg"", ""https://kotmatros.ru/wa-data/public/shop/products/68/97/69768/images/197170/197170.970.jpg"", ""https://kotmatros.ru/wa-data/public/shop/products/68/97/69768/images/197171/197171.970.jpg"", ""https://kotmatros.ru/wa-data/public/shop/products/68/97/69768/images/197172/197172.970.jpg"", ""https://kotmatros.ru/wa-data/public/shop/products/68/97/69768/images/197173/197173.970.jpg"", ""https://kotmatros.ru/wa-data/public/shop/products/68/97/69768/images/197174/197174.970.jpg"", ""https://kotmatros.ru/wa-data/public/shop/products/68/97/69768/images/197175/197175.970.jpg"", ""https://kotmatros.ru/wa-data/public/shop/products/68/97/69768/images/197176/197176.970.jpg"", ""https://kotmatros.ru/wa-data/public/shop/products/68/97/69768/images/197177/197177.970.jpg""]","{""TipTovara"": ""Клетки"", ""zhivotnoe"": ""Для собак""}",0,NULL,"https://kotmatros.ru/midwest-kletka-solutions-137kh94kh114h-sm-2-dveri-chernaya/","MidWest","MDW-SL54DD","41.500",0,0,"[]",0,"regular",NULL,NULL,NULL,NULL,NULL,NULL,NULL,NULL,"all",NULL,NULL,NULL,NULL
"89","Mr.Bruno шампунь-кондиционер для собак от перхоти и зуда - 350 мл","","486.00",True,"2026-01-07 22:03:57.083326+03","2026-01-07 22:03:57.083326+03","dog","4606982004478","care","Средства по уходу","71426","69915","[""https://kotmatros.ru/wa-data/public/shop/products/15/99/69915/images/173705/173705.970.png""]","{""TipTovara"": ""Шампуни"", ""zhivotnoe"": ""Для собак"", ""Naznachenie"": ""Уход за шерстью""}",3,NULL,"https://kotmatros.ru/mr-bruno-shampun-konditsioner-ot-perkhoti-i-zuda/","Mr.Bruno","43812","0.400",0,0,"[]",0,"regular",NULL,NULL,NULL,NULL,NULL,NULL,NULL,NULL,"all",NULL,NULL,NULL,NULL
"69","MidWest клетка для кошек Cat Playpens 89,5х59х120,6h см","","19445.00",False,"2026-01-07 22:03:57.083326+03","2026-01-07 22:03:57.083326+03","cat","027773006831","transport","Транспортировка и содержание","71280","69769","[""https://kotmatros.ru/wa-data/public/shop/products/69/97/69769/images/197178/197178.970.jpg"", ""https://kotmatros.ru/wa-data/public/shop/products/69/97/69769/images/197179/197179.970.jpg"", ""https://kotmatros.ru/wa-data/public/shop/products/69/97/69769/images/197180/197180.970.jpg"", ""https://kotmatros.ru/wa-data/public/shop/products/69/97/69769/images/197181/197181.970.jpg"", ""https://kotmatros.ru/wa-data/public/shop/products/69/97/69769/images/197182/197182.970.jpg"", ""https://kotmatros.ru/wa-data/public/shop/products/69/97/69769/images/197183/197183.970.jpg"", ""https://kotmatros.ru/wa-data/public/shop/products/69/97/69769/images/197184/197184.970.jpg"", ""https://kotmatros.ru/wa-data/public/shop/products/69/97/69769/images/197185/197185.970.jpg"", ""https://kotmatros.ru/wa-data/public/shop/products/69/97/69769/images/197186/197186.970.jpg"", ""https://kotmatros.ru/wa-data/public/shop/products/69/97/69769/images/197187/197187.970.jpg"", ""https://kotmatros.ru/wa-data/public/shop/products/69/97/69769/images/197188/197188.970.jpg"", ""https://kotmatros.ru/wa-data/public/shop/products/69/97/69769/images/197189/197189.970.jpg"", ""https://kotmatros.ru/wa-data/public/shop/products/69/97/69769/images/197190/197190.970.jpg"", ""https://kotmatros.ru/wa-data/public/shop/products/69/97/69769/images/197191/197191.970.jpg""]","{""TipTovara"": ""Клетки"", ""zhivotnoe"": ""Для кошек""}",0,NULL,"https://kotmatros.ru/midwest-kletka-dlya-koshek-cat-playpens-89-5kh59kh120-6h-sm/","MidWest","MDW-130","19.000",0,0,"[]",0,"regular",NULL,NULL,NULL,NULL,NULL,NULL,NULL,NULL,"all",NULL,NULL,NULL,NULL
"70","Лежанка MidWest Micro Terry для собак и кошек плюшевая 119х73 см, серо-коричневая","","4187.00",False,"2026-01-07 22:03:57.083326+03","2026-01-07 22:03:57.083326+03","dog","027773009122","transport","Транспортировка и содержание","71293","69782","[""https://kotmatros.ru/wa-data/public/shop/products/82/97/69782/images/197289/197289.970.jpg"", ""https://kotmatros.ru/wa-data/public/shop/products/82/97/69782/images/197290/197290.970.jpg"", ""https://kotmatros.ru/wa-data/public/shop/products/82/97/69782/images/197291/197291.970.jpg"", ""https://kotmatros.ru/wa-data/public/shop/products/82/97/69782/images/197292/197292.970.jpg"", ""https://kotmatros.ru/wa-data/public/shop/products/82/97/69782/images/197293/197293.970.jpg"", ""https://kotmatros.ru/wa-data/public/shop/products/82/97/69782/images/197294/197294.970.jpg"", ""https://kotmatros.ru/wa-data/public/shop/products/82/97/69782/images/197295/197295.970.jpg"", ""https://kotmatros.ru/wa-data/public/shop/products/82/97/69782/images/197296/197296.970.jpg"", ""https://kotmatros.ru/wa-data/public/shop/products/82/97/69782/images/197297/197297.970.jpg""]","{""TipTovara"": ""Лежанки"", ""zhivotnoe"": ""Для кошек""}",0,NULL,"https://kotmatros.ru/midwest-lezhanka-micro-terry-plyushevaya-117kh74-sm-bezhevaya/","MidWest","40648-TP","1.440",0,0,"[]",0,"regular",NULL,NULL,NULL,NULL,NULL,NULL,NULL,NULL,"all",NULL,NULL,NULL,NULL
"71","Лежанка MidWest Micro Terry для собак и кошек  плюшевая 131х86 см, серо-коричневая","","5007.00",False,"2026-01-07 22:03:57.083326+03","2026-01-07 22:03:57.083326+03","dog","027773010166","transport","Транспортировка и содержание","71294","69783","[""https://kotmatros.ru/wa-data/public/shop/products/83/97/69783/images/197277/197277.970.jpg"", ""https://kotmatros.ru/wa-data/public/shop/products/83/97/69783/images/197278/197278.970.jpg"", ""https://kotmatros.ru/wa-data/public/shop/products/83/97/69783/images/197279/197279.970.jpg"", ""https://kotmatros.ru/wa-data/public/shop/products/83/97/69783/images/197280/197280.970.jpg"", ""https://kotmatros.ru/wa-data/public/shop/products/83/97/69783/images/197281/197281.970.jpg"", ""https://kotmatros.ru/wa-data/public/shop/products/83/97/69783/images/197282/197282.970.jpg""]","{""TipTovara"": ""Лежанки"", ""zhivotnoe"": ""Для кошек""}",0,NULL,"https://kotmatros.ru/midwest-lezhanka-micro-terry-plyushevaya-132kh86-sm-bezhevaya/","MidWest","40654-TP","1.860",0,0,"[]",0,"regular",NULL,NULL,NULL,NULL,NULL,NULL,NULL,NULL,"all",NULL,NULL,NULL,NULL
"72","Лежанка MidWest Ombre для собак и кошек плюшевая с завитками 46х33 см, мокко","","1085.00",False,"2026-01-07 22:03:57.083326+03","2026-01-07 22:03:57.083326+03","dog","027773009788","transport","Транспортировка и содержание","71302","69791","[""https://kotmatros.ru/wa-data/public/shop/products/91/97/69791/images/197316/197316.970.jpg"", ""https://kotmatros.ru/wa-data/public/shop/products/91/97/69791/images/197317/197317.970.jpg"", ""https://kotmatros.ru/wa-data/public/shop/products/91/97/69791/images/197318/197318.970.jpg"", ""https://kotmatros.ru/wa-data/public/shop/products/91/97/69791/images/197319/197319.970.jpg"", ""https://kotmatros.ru/wa-data/public/shop/products/91/97/69791/images/197320/197320.970.jpg""]","{""TipTovara"": ""Лежанки"", ""zhivotnoe"": ""Для кошек""}",0,NULL,"https://kotmatros.ru/midwest-lezhanka-ombre-plyushevaya-s-zavitkami-43kh28-sm-mokko/","MidWest","40618-STB","0.300",0,0,"[]",0,"regular",NULL,NULL,NULL,NULL,NULL,NULL,NULL,NULL,"all",NULL,NULL,NULL,NULL
"73","Лежанка MidWest Ombre для собак и кошек плюшевая с завитками 57х31 см, мокко","","1256.00",False,"2026-01-07 22:03:57.083326+03","2026-01-07 22:03:57.083326+03","dog","027773009795","transport","Транспортировка и содержание","71303","69792","[""https://kotmatros.ru/wa-data/public/shop/products/92/97/69792/images/197321/197321.970.jpg"", ""https://kotmatros.ru/wa-data/public/shop/products/92/97/69792/images/197322/197322.970.jpg"", ""https://kotmatros.ru/wa-data/public/shop/products/92/97/69792/images/197323/197323.970.jpg"", ""https://kotmatros.ru/wa-data/public/shop/products/92/97/69792/images/197324/197324.970.jpg"", ""https://kotmatros.ru/wa-data/public/shop/products/92/97/69792/images/197325/197325.970.jpg"", ""https://kotmatros.ru/wa-data/public/shop/products/92/97/69792/images/197326/197326.970.jpg"", ""https://kotmatros.ru/wa-data/public/shop/products/92/97/69792/images/197327/197327.970.jpg""]","{""TipTovara"": ""Лежанки"", ""zhivotnoe"": ""Для кошек""}",0,NULL,"https://kotmatros.ru/midwest-lezhanka-ombre-plyushevaya-s-zavitkami-53kh31-sm-mokko/","MidWest","40622-STB","0.560",0,0,"[]",0,"regular",NULL,NULL,NULL,NULL,NULL,NULL,NULL,NULL,"all",NULL,NULL,NULL,NULL
"74","Лежанка MidWest Pet Bed для собак и кошек флисовая 77х52 см, белая","","1782.00",False,"2026-01-07 22:03:57.083326+03","2026-01-07 22:03:57.083326+03","dog","027773004882","transport","Транспортировка и содержание","71317","69806","[""https://kotmatros.ru/wa-data/public/shop/products/06/98/69806/images/197382/197382.970.jpg"", ""https://kotmatros.ru/wa-data/public/shop/products/06/98/69806/images/197383/197383.970.jpg"", ""https://kotmatros.ru/wa-data/public/shop/products/06/98/69806/images/197384/197384.970.jpg"", ""https://kotmatros.ru/wa-data/public/shop/products/06/98/69806/images/197385/197385.970.jpg"", ""https://kotmatros.ru/wa-data/public/shop/products/06/98/69806/images/197386/197386.970.jpg"", ""https://kotmatros.ru/wa-data/public/shop/products/06/98/69806/images/197387/197387.970.jpg"", ""https://kotmatros.ru/wa-data/public/shop/products/06/98/69806/images/197388/197388.970.jpg"", ""https://kotmatros.ru/wa-data/public/shop/products/06/98/69806/images/197389/197389.970.jpg"", ""https://kotmatros.ru/wa-data/public/shop/products/06/98/69806/images/197390/197390.970.jpg""]","{""TipTovara"": ""Лежанки"", ""zhivotnoe"": ""Для кошек""}",0,NULL,"https://kotmatros.ru/midwest-lezhanka-pet-bed-flisovaya-76kh53-sm-belaya/","MidWest","40230","0.730",0,0,"[]",0,"regular",NULL,NULL,NULL,NULL,NULL,NULL,NULL,NULL,"all",NULL,NULL,NULL,NULL
"16224","Whiskas Temptations с лососем","Хрустящее снаружи, мягкое внутри. Вкус лосося.","150.00",True,"2026-01-19 16:01:44.152129+03","2026-01-19 16:01:44.152129+03","cat",NULL,"treats",NULL,"treats_cat_Whiskas_Temptations_с_лососем",NULL,"[]","{}",86,"natural",NULL,NULL,NULL,"0.080",0,0,"[]",0,"regular","398.0",NULL,2,NULL,NULL,NULL,NULL,NULL,"all",NULL,NULL,NULL,NULL
"76","Миска MidWest для собак, для клеток и вольеров 300 мл нержавеющая сталь","","685.00",False,"2026-01-07 22:03:57.083326+03","2026-01-07 22:03:57.083326+03","dog","027773008583","care","Миски","71319","69808","[""https://kotmatros.ru/wa-data/public/shop/products/08/98/69808/images/197398/197398.970.jpg"", ""https://kotmatros.ru/wa-data/public/shop/products/08/98/69808/images/197399/197399.970.jpg"", ""https://kotmatros.ru/wa-data/public/shop/products/08/98/69808/images/197400/197400.970.jpg"", ""https://kotmatros.ru/wa-data/public/shop/products/08/98/69808/images/197401/197401.970.jpg"", ""https://kotmatros.ru/wa-data/public/shop/products/08/98/69808/images/197402/197402.970.jpg"", ""https://kotmatros.ru/wa-data/public/shop/products/08/98/69808/images/197403/197403.970.jpg""]","{""zhivotnoe"": ""Для кошек""}",0,NULL,"https://kotmatros.ru/midwest-miska-dlya-kletok-i-volerov-nerzhaveyushchaya-stal-300-ml/","MidWest","40-10","0.370",0,0,"[]",0,"regular",NULL,NULL,NULL,NULL,NULL,NULL,NULL,NULL,"all",NULL,NULL,NULL,NULL
"77","Ms.Kiss ""Отучает гадить"" спрей для кошек - 200 мл","","331.00",False,"2026-01-07 22:03:57.083326+03","2026-01-07 22:03:57.083326+03","cat","4606982005055","care","Контроль поведения","71382","69871","[""https://kotmatros.ru/wa-data/public/shop/products/71/98/69871/images/173708/173708.970.png""]","{""TipTovara"": ""Спреи"", ""zhivotnoe"": ""Для кошек"", ""Naznachenie"": ""От меток""}",0,NULL,"https://kotmatros.ru/ms-kiss-sprey-dlya-koshek-otuchaet-gadit/","Ms. Kiss","54037","0.240",0,0,"[]",0,"regular",NULL,NULL,NULL,NULL,NULL,NULL,NULL,NULL,"all",NULL,NULL,NULL,NULL
"78","Ms.Kiss спрей для приучения к когтеточке для кошек - 200 мл","","233.00",False,"2026-01-07 22:03:57.083326+03","2026-01-07 22:03:57.083326+03","cat","4606982005079","care","Контроль поведения","71383","69872","[""https://kotmatros.ru/wa-data/public/shop/products/72/98/69872/images/173709/173709.970.png""]","{""TipTovara"": ""Спреи"", ""zhivotnoe"": ""Для кошек"", ""Naznachenie"": ""Приучение к когтеточке""}",0,NULL,"https://kotmatros.ru/ms-kiss-sprey-dlya-koshek-priuchaet-k-kogtetochke/","Ms. Kiss","54042","0.240",0,0,"[]",0,"regular",NULL,NULL,NULL,NULL,NULL,NULL,NULL,NULL,"all",NULL,NULL,NULL,NULL
"79","Ms.Kiss спрей для приучения кошек к лотку - 200 мл","","318.00",True,"2026-01-07 22:03:57.083326+03","2026-01-07 22:03:57.083326+03","cat","4606982005086","care","Контроль поведения","71384","69873","[""https://kotmatros.ru/wa-data/public/shop/products/73/98/69873/images/173710/173710.970.png"", ""https://kotmatros.ru/wa-data/public/shop/products/73/98/69873/images/173711/173711.970.png""]","{""TipTovara"": ""Спреи"", ""zhivotnoe"": ""Для кошек"", ""Naznachenie"": ""От меток""}",121,NULL,"https://kotmatros.ru/ms-kiss-sprey-dlya-koshek-priuchaet-k-lotku/","Ms. Kiss","54043","0.240",0,0,"[]",0,"regular",NULL,NULL,NULL,NULL,NULL,NULL,NULL,NULL,"all",NULL,NULL,NULL,NULL
"80","Ms.Kiss ""Роскошная львица"" шампунь-кондиционер для кошек с длинной шерстью - 200 мл","","318.00",True,"2026-01-07 22:03:57.083326+03","2026-01-07 22:03:57.083326+03","cat","4606982004294","care","Средства по уходу","71387","69876","[""https://kotmatros.ru/wa-data/public/shop/products/76/98/69876/images/173712/173712.970.png""]","{""TipTovara"": ""Шампуни"", ""zhivotnoe"": ""Для кошек"", ""Naznachenie"": ""Уход за шерстью""}",4,NULL,"https://kotmatros.ru/ms-kiss-shampun-dlya-koshek-roskoshnaya-lvitsa/","Ms. Kiss","44583","0.240",0,0,"[]",0,"regular",NULL,NULL,NULL,NULL,NULL,NULL,NULL,NULL,"all",NULL,NULL,NULL,NULL
"81","Ms.Kiss ""Грациозный сфинкс"" шампунь-кондиционер для бесшерстных пород кошек - 200 мл","","318.00",True,"2026-01-07 22:03:57.083326+03","2026-01-07 22:03:57.083326+03","cat","4606982004300","care","Средства по уходу","71388","69877","[""https://kotmatros.ru/wa-data/public/shop/products/77/98/69877/images/173707/173707.970.png""]","{""TipTovara"": ""Шампуни"", ""zhivotnoe"": ""Для кошек"", ""Naznachenie"": ""Уход за кожей""}",2,NULL,"https://kotmatros.ru/ms-kiss-shampun-dlya-koshek-gratsioznyy-sfinks/","Ms. Kiss","44584","0.240",0,0,"[]",0,"regular",NULL,NULL,NULL,NULL,NULL,NULL,NULL,NULL,"all",NULL,NULL,NULL,NULL
"82","Ms.Kiss ""Пушистый хвостик"" шампунь-кондиционер для котят - 200 мл","","318.00",False,"2026-01-07 22:03:57.083326+03","2026-01-07 22:03:57.083326+03","cat","4606982004317","care","Средства по уходу","71389","69878","[""https://kotmatros.ru/wa-data/public/shop/products/78/98/69878/images/173713/173713.970.png""]","{""TipTovara"": ""Шампуни"", ""zhivotnoe"": ""Для кошек"", ""Naznachenie"": ""Уход за шерстью""}",0,NULL,"https://kotmatros.ru/ms-kiss-shampun-dlya-kotyat-pushistyy-khvostik/","Ms. Kiss","44585","0.240",0,0,"[]",0,"regular",NULL,NULL,NULL,NULL,NULL,NULL,NULL,NULL,"all",NULL,NULL,NULL,NULL
"83","Mr.Bruno VIP Питание и блеск бальзам-кондиционер для собак - 350 мл","","449.00",True,"2026-01-07 22:03:57.083326+03","2026-01-07 22:03:57.083326+03","dog","4606982004409","care","Средства по уходу","71393","69882","[""https://kotmatros.ru/wa-data/public/shop/products/82/98/69882/images/173699/173699.970.png""]","{""TipTovara"": ""Бальзамы"", ""zhivotnoe"": ""Для собак"", ""Naznachenie"": ""Уход за шерстью""}",3,NULL,"https://kotmatros.ru/mr-bruno-balzam-konditsioner-dlya-sobak/","Mr.Bruno","43898","0.400",0,0,"[]",0,"regular",NULL,NULL,NULL,NULL,NULL,NULL,NULL,NULL,"all",NULL,NULL,NULL,NULL
"84","Mr. Bruno воск для лап для собак - 100 мл","","378.00",False,"2026-01-07 22:03:57.083326+03","2026-01-07 22:03:57.083326+03","dog","4606982004836","care","Средства по уходу","71394","69883","[""https://kotmatros.ru/wa-data/public/shop/products/83/98/69883/images/173697/173697.970.png""]","{""TipTovara"": ""Воски"", ""zhivotnoe"": ""Для собак"", ""Naznachenie"": ""Уход за лапами""}",0,NULL,"https://kotmatros.ru/mr-bruno-vosk-dlya-lap/","Mr.Bruno","55130","0.100",0,0,"[]",0,"regular",NULL,NULL,NULL,NULL,NULL,NULL,NULL,NULL,"all",NULL,NULL,NULL,NULL
"85","Mr.Bruno VIP шампунь-кондиционер мицеллярный для собак с густой шерстью - 200 мл","","493.00",False,"2026-01-07 22:03:57.083326+03","2026-01-07 22:03:57.083326+03","dog","4630030250517","care","Средства по уходу","71399","69888","[""https://kotmatros.ru/wa-data/public/shop/products/88/98/69888/images/173700/173700.970.png""]","{""TipTovara"": ""Шампуни"", ""zhivotnoe"": ""Для собак"", ""Naznachenie"": ""Уход за шерстью""}",0,NULL,"https://kotmatros.ru/mr-bruno-mitsellyarnyy-shampun-konditsioner-dlya-gustoy-shersti-roskoshnyy-obem/","Mr.Bruno","67917","0.240",0,0,"[]",0,"regular",NULL,NULL,NULL,NULL,NULL,NULL,NULL,NULL,"all",NULL,NULL,NULL,NULL
"86","Mr.Bruno VIP плацентарный шампунь-кондиционер для длинношерстных собак - 200 мл","","493.00",False,"2026-01-07 22:03:57.083326+03","2026-01-07 22:03:57.083326+03","dog","4630030250500","care","Средства по уходу","71405","69894","[""https://kotmatros.ru/wa-data/public/shop/products/94/98/69894/images/173703/173703.970.png""]","{""TipTovara"": ""Шампуни"", ""zhivotnoe"": ""Для собак"", ""Naznachenie"": ""Уход за шерстью""}",0,NULL,"https://kotmatros.ru/mr-bruno-platsentarnyy-shampun-konditsioner-dlya-dlinnoy-shersti-mertsayushchiy-shelk/","Mr.Bruno","67916","0.240",0,0,"[]",0,"regular",NULL,NULL,NULL,NULL,NULL,NULL,NULL,NULL,"all",NULL,NULL,NULL,NULL
"87","Mr.Bruno ""Глянцевый блеск"" шампунь для короткошерстных собак - 350 мл","","449.00",True,"2026-01-07 22:03:57.083326+03","2026-01-07 22:03:57.083326+03","dog","4606982002467","care","Средства по уходу","71421","69910","[""https://kotmatros.ru/wa-data/public/shop/products/10/99/69910/images/173702/173702.970.png""]","{""TipTovara"": ""Шампуни"", ""zhivotnoe"": ""Для собак"", ""Naznachenie"": ""Уход за шерстью""}",2,NULL,"https://kotmatros.ru/mr-bruno-shampun-konditsioner-dlya-korotkoy-shersti-glyantsevyy-blesk/","Mr.Bruno","13453","0.400",0,0,"[]",0,"regular",NULL,NULL,NULL,NULL,NULL,NULL,NULL,NULL,"all",NULL,NULL,NULL,NULL
"88","Mr.Bruno гипоаллергенный шампунь-кондиционер для собак - 350 мл","","486.00",True,"2026-01-07 22:03:57.083326+03","2026-01-07 22:03:57.083326+03","dog","4606982004485","care","Средства по уходу","71425","69914","[""https://kotmatros.ru/wa-data/public/shop/products/14/99/69914/images/135187/135187.970.jpg""]","{""TipTovara"": ""Шампуни"", ""zhivotnoe"": ""Для собак"", ""Naznachenie"": ""Уход за шерстью""}",4,NULL,"https://kotmatros.ru/mr-bruno-shampun-konditsioner-gipoallergennyy/","Mr.Bruno","43813","0.400",0,0,"[]",0,"regular",NULL,NULL,NULL,NULL,NULL,NULL,NULL,NULL,"all",NULL,NULL,NULL,NULL
"91","Mr.Bruno ""Жесткий стиль"" шампунь для собак с жесткой шерстью - 350 мл","","449.00",True,"2026-01-07 22:03:57.083326+03","2026-01-07 22:03:57.083326+03","dog","4606982002474","care","Средства по уходу","71428","69917","[""https://kotmatros.ru/wa-data/public/shop/products/17/99/69917/images/173701/173701.970.png""]","{""TipTovara"": ""Шампуни"", ""zhivotnoe"": ""Для собак"", ""Naznachenie"": ""Уход за шерстью""}",4,NULL,"https://kotmatros.ru/mr-bruno-shampun-konditsioner-dlya-zhestkoy-shersti-zhestkiy-stil/","Mr.Bruno","13455","0.400",0,0,"[]",0,"regular",NULL,NULL,NULL,NULL,NULL,NULL,NULL,NULL,"all",NULL,NULL,NULL,NULL
"92","Mr.Bruno ""Мягкий плюш"" шампунь для собак с мягкой шерстью - 350 мл","","449.00",True,"2026-01-07 22:03:57.083326+03","2026-01-07 22:03:57.083326+03","dog","4606982002481","care","Средства по уходу","71429","69918","[""https://kotmatros.ru/wa-data/public/shop/products/18/99/69918/images/173706/173706.970.png""]","{""TipTovara"": ""Шампуни"", ""zhivotnoe"": ""Для собак"", ""Naznachenie"": ""Уход за шерстью""}",3,NULL,"https://kotmatros.ru/mr-bruno-shampun-konditsioner-dlya-myagkoy-shersti-myagkiy-plyush/","Mr.Bruno","13456","0.400",0,0,"[]",0,"regular",NULL,NULL,NULL,NULL,NULL,NULL,NULL,NULL,"all",NULL,NULL,NULL,NULL
"93","Mr. Bruno ""Пушистое облако"" шампунь-кондиционер для густой, загрязненной шерсти для собак - 350 мл","","449.00",False,"2026-01-07 22:03:57.083326+03","2026-01-07 22:03:57.083326+03","dog","4606982002498","care","Средства по уходу","71430","69919","[""https://kotmatros.ru/wa-data/public/shop/products/19/99/69919/images/173698/173698.970.png""]","{""TipTovara"": ""Шампуни"", ""zhivotnoe"": ""Для собак"", ""Naznachenie"": ""Уход за шерстью""}",0,NULL,"https://kotmatros.ru/mr-bruno-shampun-konditsioner-dlya-gustoy-zagryaznennoy-shersti-pushistoe-oblako/","Mr.Bruno","13457","0.400",0,0,"[]",0,"regular",NULL,NULL,NULL,NULL,NULL,NULL,NULL,NULL,"all",NULL,NULL,NULL,NULL
"94","Mr.Bruno ""Нежный бархат"" гипоаллергенный шампунь для щенков - 350 мл","","449.00",True,"2026-01-07 22:03:57.083326+03","2026-01-07 22:03:57.083326+03","dog","4606982002504","care","Средства по уходу","71431","69920","[""https://kotmatros.ru/wa-data/public/shop/products/20/99/69920/images/173704/173704.970.png""]","{""TipTovara"": ""Шампуни"", ""zhivotnoe"": ""Для собак"", ""Naznachenie"": ""Уход за шерстью""}",6,NULL,"https://kotmatros.ru/mr-bruno-shampun-konditsioner-dlya-shchenkov-nezhnyy-barkhat/","Mr.Bruno","13458","0.400",0,0,"[]",0,"regular",NULL,NULL,NULL,NULL,NULL,NULL,NULL,NULL,"all",NULL,NULL,NULL,NULL
"95","Mr.Fresh Expert Regular подстилки-пеленки для ежедневного применения для кошек и собак, 40х60 см - 30 шт","","640.00",False,"2026-01-07 22:03:57.083326+03","2026-01-07 22:03:57.083326+03","dog","4607092076294","care","Туалеты и принадлежности","71440","69929","[""https://kotmatros.ru/wa-data/public/shop/products/29/99/69929/images/135202/135202.970.jpg"", ""https://kotmatros.ru/wa-data/public/shop/products/29/99/69929/images/173471/173471.970.png""]","{""TipTovara"": ""Пеленки"", ""zhivotnoe"": ""Для кошек""}",0,NULL,"https://kotmatros.ru/mr-fresh-regular-exper-pelenki-dlya-ezhednevnogo-primeneniya-40kh60-sm-30-sht/","Mr.Fresh","81914","1.030",0,0,"[]",0,"regular",NULL,NULL,NULL,NULL,NULL,NULL,NULL,NULL,"all",NULL,NULL,NULL,NULL
"96","Mr.Fresh Expert Regular подстилки-пеленки для ежедневного применения для кошек и собак, 60х60 см - 24 шт","","788.00",True,"2026-01-07 22:03:57.083326+03","2026-01-07 22:03:57.083326+03","dog","4607092076300","care","Туалеты и принадлежности","71441","69930","[""https://kotmatros.ru/wa-data/public/shop/products/30/99/69930/images/135203/135203.970.jpg"", ""https://kotmatros.ru/wa-data/public/shop/products/30/99/69930/images/173472/173472.970.png""]","{""TipTovara"": ""Пеленки"", ""zhivotnoe"": ""Для кошек""}",5,NULL,"https://kotmatros.ru/mr-fresh-regular-exper-pelenki-dlya-ezhednevnogo-primeneniya-60kh60-sm-24-sht/","Mr.Fresh","81957","1.060",0,0,"[]",0,"regular",NULL,NULL,NULL,NULL,NULL,NULL,NULL,NULL,"all",NULL,NULL,NULL,NULL
"97","Mr.Fresh Expert Regular подстилки-пеленки для ежедневного применения для кошек и собак, 90х60 см - 16 шт","","796.00",False,"2026-01-07 22:03:57.083326+03","2026-01-07 22:03:57.083326+03","dog","4607092076317","care","Туалеты и принадлежности","71442","69931","[""https://kotmatros.ru/wa-data/public/shop/products/31/99/69931/images/135204/135204.970.jpg"", ""https://kotmatros.ru/wa-data/public/shop/products/31/99/69931/images/173473/173473.970.png""]","{""TipTovara"": ""Пеленки"", ""zhivotnoe"": ""Для кошек""}",0,NULL,"https://kotmatros.ru/mr-fresh-regular-exper-pelenki-dlya-ezhednevnogo-primeneniya-90kh60-sm-16-sht/","Mr.Fresh","81958","1.080",0,0,"[]",0,"regular",NULL,NULL,NULL,NULL,NULL,NULL,NULL,NULL,"all",NULL,NULL,NULL,NULL
"16225","Felix Party Mix Гриль","Ассорти вкусов: курица, говядина, лосось.","130.00",True,"2026-01-19 16:01:44.155134+03","2026-01-19 16:01:44.155134+03","cat",NULL,"treats",NULL,"treats_cat_Felix_Party_Mix_Гриль",NULL,"[]","{}",45,"natural",NULL,NULL,NULL,"0.060",0,0,"[]",0,"regular","353.0",NULL,2,NULL,NULL,NULL,NULL,NULL,"all",NULL,NULL,NULL,NULL
"99","Mr.Fresh Expert спрей для защиты от погрызов для собак - 200 мл","","334.00",True,"2026-01-07 22:03:57.083326+03","2026-01-07 22:03:57.083326+03","dog","4607092076478","care","Контроль поведения","71445","69934","[""https://kotmatros.ru/wa-data/public/shop/products/34/99/69934/images/135207/135207.970.jpg"", ""https://kotmatros.ru/wa-data/public/shop/products/34/99/69934/images/173673/173673.970.png""]","{""TipTovara"": ""Спреи"", ""zhivotnoe"": ""Для собак"", ""Naznachenie"": ""Антигрызин""}",23,NULL,"https://kotmatros.ru/mr-fresh-expert-sprey-dlya-zashchity-ot-pogryzov-dlya-sobak-200-ml/","Mr.Fresh","70843","0.210",0,0,"[]",0,"regular",NULL,NULL,NULL,NULL,NULL,NULL,NULL,NULL,"all",NULL,NULL,NULL,NULL
"100","Mr.Fresh Expert спрей ""Приучение к месту"" для кошек - 200 мл","","334.00",True,"2026-01-07 22:03:57.083326+03","2026-01-07 22:03:57.083326+03","cat","4607092076508","care","Контроль поведения","71447","69936","[""https://kotmatros.ru/wa-data/public/shop/products/36/99/69936/images/135209/135209.970.jpg"", ""https://kotmatros.ru/wa-data/public/shop/products/36/99/69936/images/173676/173676.970.png""]","{""TipTovara"": ""Спреи"", ""zhivotnoe"": ""Для кошек"", ""Naznachenie"": ""Приучение к месту""}",47,NULL,"https://kotmatros.ru/mr-fresh-expert-sprey-dlya-priucheniya-k-mestu-dlya-koshek-200-ml/","Mr.Fresh","70916","0.210",0,0,"[]",0,"regular",NULL,NULL,NULL,NULL,NULL,NULL,NULL,NULL,"all",NULL,NULL,NULL,NULL
"102","Мнямс Деликатес лакомые палочки для кошек с камбалой 9 см - 3х4 г","","84.00",False,"2026-01-07 22:03:57.083326+03","2026-01-19 17:25:02.028198+03","cat","4610011703072","food","Лакомства","71451","69940","[""https://kotmatros.ru/wa-data/public/shop/products/40/99/69940/images/159258/159258.970.jpg"", ""https://kotmatros.ru/wa-data/public/shop/products/40/99/69940/images/159259/159259.970.jpg""]","{""zhivotnoe"": ""Для кошек""}",0,NULL,"https://kotmatros.ru/mnyams-delikates-lakomye-palochki-kambala-9-sm-dlya-koshek-3kh4-g/","Мнямс","703072","0.010",0,0,"[]",0,"regular","391.6",NULL,NULL,"7.80","14.20","2.80","10.50","36.90","all","1.360","0.45","1.92","0.672"
"16226","Мнямс лакомство для котят ""Нежные кусочки""","Специально для котят. Мягкая текстура.","140.00",True,"2026-01-19 16:01:44.156644+03","2026-01-19 16:01:44.156644+03","cat",NULL,"treats",NULL,"treats_cat_Мнямс_лакомство_для_котят_""Неж",NULL,"[]","{}",62,"training",NULL,NULL,NULL,"0.050",0,0,"[]",0,"regular","326.0",12,2,NULL,NULL,NULL,NULL,NULL,"all",NULL,NULL,NULL,NULL
"16227","GimCat Дента-Кисс для зубов","Для ухода за зубами кошек. Уменьшает зубной налёт.","220.00",True,"2026-01-19 16:01:44.159645+03","2026-01-19 16:01:44.159645+03","cat",NULL,"treats",NULL,"treats_cat_GimCat_Дента-Кисс_для_зубов",NULL,"[]","{}",99,"dental",NULL,NULL,NULL,"0.040",0,0,"[]",0,"regular","325.0",NULL,6,NULL,NULL,NULL,NULL,NULL,"all",NULL,NULL,NULL,NULL
"16228","Brit Care лакомство для кошек с уткой","Беззерновое лакомство. Гипоаллергенное.","180.00",True,"2026-01-19 16:01:44.160716+03","2026-01-19 16:01:44.160716+03","cat",NULL,"treats",NULL,"treats_cat_Brit_Care_лакомство_для_кошек_",NULL,"[]","{}",93,"natural",NULL,NULL,NULL,"0.050",0,0,"[]",0,"regular","326.0",NULL,3,NULL,NULL,NULL,NULL,NULL,"all",NULL,NULL,NULL,NULL
"111","Мнямс влажный корм Клефтико по-Афински для взрослых собак с ягненком и томатами в консервах - 200 г (6 шт в уп)","","880.00",False,"2026-01-07 22:03:57.083326+03","2026-01-19 17:25:02.019598+03","dog","4610011700583","food","Корм","71460","69949","[""https://kotmatros.ru/wa-data/public/shop/products/49/99/69949/images/159080/159080.970.jpg"", ""https://kotmatros.ru/wa-data/public/shop/products/49/99/69949/images/159081/159081.970.jpg""]","{""TipKorma"": ""Влажный"", ""zhivotnoe"": ""Для собак"", ""Naznachenie"": ""Повседневный""}",0,"canned","https://kotmatros.ru/mnyams-konservy-kleftiko-po-afinski-yagnenok-s-tomatami-dlya-sobak-200-g-kh-6-sht/","Мнямс","57651","1.200",0,0,"[]",0,"regular","101.3",NULL,NULL,"6.50","19.90","2.60","10.70","26.90","all","1.458","0.93","2.10","0.976"
